github.com/fallofpheonix/PhoenixCore/ai/agents/explainer.go:22:				NewExplainer					0.0%
github.com/fallofpheonix/PhoenixCore/ai/agents/explainer.go:29:				Explain						0.0%
github.com/fallofpheonix/PhoenixCore/ai/causal/enforcer.go:31:				CalculateHash					100.0%
github.com/fallofpheonix/PhoenixCore/ai/causal/enforcer.go:61:				NewEnforcer					100.0%
github.com/fallofpheonix/PhoenixCore/ai/causal/enforcer.go:72:				AddNode						94.7%
github.com/fallofpheonix/PhoenixCore/ai/causal/enforcer.go:115:				wouldCreateCycle				100.0%
github.com/fallofpheonix/PhoenixCore/ai/causal/enforcer.go:123:				GetNode						0.0%
github.com/fallofpheonix/PhoenixCore/arbiter/consensus_bridge.go:29:			NewConsensusBridge				100.0%
github.com/fallofpheonix/PhoenixCore/arbiter/consensus_bridge.go:37:			Authorize					70.0%
github.com/fallofpheonix/PhoenixCore/arbiter/translator.go:33:				NewTranslator					100.0%
github.com/fallofpheonix/PhoenixCore/arbiter/translator.go:41:				Translate					46.2%
github.com/fallofpheonix/PhoenixCore/arbiter/validator.go:38:				NewPolicyValidator				100.0%
github.com/fallofpheonix/PhoenixCore/arbiter/validator.go:49:				Validate					85.7%
github.com/fallofpheonix/PhoenixCore/arbiter/validator.go:69:				Evaluate					91.7%
github.com/fallofpheonix/PhoenixCore/bus/bus.go:69:					NewBus						100.0%
github.com/fallofpheonix/PhoenixCore/bus/bus.go:81:					Subscribe					100.0%
github.com/fallofpheonix/PhoenixCore/bus/bus.go:94:					Publish						69.4%
github.com/fallofpheonix/PhoenixCore/bus/bus.go:163:					QueuePressure					0.0%
github.com/fallofpheonix/PhoenixCore/bus/normalizer/normalizer.go:78:			NewEventNormalizer				100.0%
github.com/fallofpheonix/PhoenixCore/bus/normalizer/normalizer.go:83:			Normalize					60.0%
github.com/fallofpheonix/PhoenixCore/bus/normalizer/normalizer.go:122:			Enrich						100.0%
github.com/fallofpheonix/PhoenixCore/bus/normalizer/normalizer.go:149:			CalculateEntropy				90.9%
github.com/fallofpheonix/PhoenixCore/bus/signing.go:48:					SetSigningKey					100.0%
github.com/fallofpheonix/PhoenixCore/bus/signing.go:55:					SignEvent					100.0%
github.com/fallofpheonix/PhoenixCore/bus/signing.go:65:					VerifyEvent					71.4%
github.com/fallofpheonix/PhoenixCore/bus/signing.go:80:					ComputeEventSignature				100.0%
github.com/fallofpheonix/PhoenixCore/bus/src/bus.go:27:					NewBus						100.0%
github.com/fallofpheonix/PhoenixCore/bus/src/bus.go:33:					Subscribe					100.0%
github.com/fallofpheonix/PhoenixCore/bus/src/bus.go:42:					Publish						87.5%
github.com/fallofpheonix/PhoenixCore/bus/src/bus.go:66:					main						0.0%
github.com/fallofpheonix/PhoenixCore/common/artifacts/storage.go:45:			SaveRun						80.0%
github.com/fallofpheonix/PhoenixCore/common/concurrency/worker_pool.go:48:		NewDeterministicWorkerPool			0.0%
github.com/fallofpheonix/PhoenixCore/common/concurrency/worker_pool.go:56:		Start						0.0%
github.com/fallofpheonix/PhoenixCore/common/concurrency/worker_pool.go:71:		Submit						0.0%
github.com/fallofpheonix/PhoenixCore/common/concurrency/worker_pool.go:77:		Wait						0.0%
github.com/fallofpheonix/PhoenixCore/common/config/redlines.go:36:			LoadRedLines					0.0%
github.com/fallofpheonix/PhoenixCore/common/hash/world_hasher.go:26:			GetHash						100.0%
github.com/fallofpheonix/PhoenixCore/common/hash/world_hasher.go:49:			ComputeHash					90.9%
github.com/fallofpheonix/PhoenixCore/common/logical_clock/clock.go:42:			NewClock					0.0%
github.com/fallofpheonix/PhoenixCore/common/logical_clock/clock.go:47:			Tick						0.0%
github.com/fallofpheonix/PhoenixCore/common/logical_clock/clock.go:52:			Now						0.0%
github.com/fallofpheonix/PhoenixCore/common/logical_clock/clock.go:58:			AdvanceTo					0.0%
github.com/fallofpheonix/PhoenixCore/common/math/fixed_point.go:20:			SaturatingAdd					0.0%
github.com/fallofpheonix/PhoenixCore/common/math/fixed_point.go:34:			SaturatingSub					0.0%
github.com/fallofpheonix/PhoenixCore/common/math/fixed_point.go:48:			NewFixedPoint					0.0%
github.com/fallofpheonix/PhoenixCore/common/math/kalman/kalman.go:45:			NewKalmanFilter					0.0%
github.com/fallofpheonix/PhoenixCore/common/math/kalman/kalman.go:49:			Predict						0.0%
github.com/fallofpheonix/PhoenixCore/common/math/kalman/kalman.go:53:			Update						0.0%
github.com/fallofpheonix/PhoenixCore/common/math/kalman/kalman.go:65:			CheckDrift					0.0%
github.com/fallofpheonix/PhoenixCore/common/math/kalman/kalman.go:75:			SetGain						0.0%
github.com/fallofpheonix/PhoenixCore/common/resource/allocator.go:42:			NewBoundedAllocator				0.0%
github.com/fallofpheonix/PhoenixCore/common/resource/allocator.go:50:			Allocate					0.0%
github.com/fallofpheonix/PhoenixCore/common/resource/allocator.go:68:			Deallocate					0.0%
github.com/fallofpheonix/PhoenixCore/common/resource/allocator.go:73:			Usage						0.0%
github.com/fallofpheonix/PhoenixCore/common/resource/quota.go:46:			NewQuotaManager					0.0%
github.com/fallofpheonix/PhoenixCore/common/resource/quota.go:54:			RequestIO					0.0%
github.com/fallofpheonix/PhoenixCore/common/resource/quota.go:64:			AcquireWorker					0.0%
github.com/fallofpheonix/PhoenixCore/common/resource/quota.go:77:			ReleaseWorker					0.0%
github.com/fallofpheonix/PhoenixCore/common/resource/quota.go:81:			Status						0.0%
github.com/fallofpheonix/PhoenixCore/common/security/audit.go:40:			NewCryptoAuditor				0.0%
github.com/fallofpheonix/PhoenixCore/common/security/audit.go:45:			AuditHash					0.0%
github.com/fallofpheonix/PhoenixCore/common/security/audit.go:56:			AuditVerify					0.0%
github.com/fallofpheonix/PhoenixCore/common/serialization/canonical.go:20:		StableMarshal					0.0%
github.com/fallofpheonix/PhoenixCore/common/serialization/canonical.go:37:		CanonicalJSON					0.0%
github.com/fallofpheonix/PhoenixCore/common/serialization/canonical.go:45:		marshalRecursive				0.0%
github.com/fallofpheonix/PhoenixCore/common/serialization/canonical.go:60:		marshalSortedMap				0.0%
github.com/fallofpheonix/PhoenixCore/common/serialization/canonical.go:88:		marshalSortedSlice				0.0%
github.com/fallofpheonix/PhoenixCore/common/serialization/validator.go:40:		Validate					0.0%
github.com/fallofpheonix/PhoenixCore/common/serialization/validator.go:45:		NewJSONSchemaValidator				0.0%
github.com/fallofpheonix/PhoenixCore/common/serialization/validator.go:63:		ReplaySafeHash					0.0%
github.com/fallofpheonix/PhoenixCore/common/snapshot/dag.go:49:				NewLineageDAG					0.0%
github.com/fallofpheonix/PhoenixCore/common/snapshot/dag.go:56:				AddSnapshot					0.0%
github.com/fallofpheonix/PhoenixCore/common/snapshot/dag.go:74:				GetHistory					0.0%
github.com/fallofpheonix/PhoenixCore/common/tooling/report.go:29:			GenerateReport					0.0%
github.com/fallofpheonix/PhoenixCore/constitution/engine.go:35:				NewEngine					100.0%
github.com/fallofpheonix/PhoenixCore/constitution/engine.go:48:				ValidateTransition				71.4%
github.com/fallofpheonix/PhoenixCore/constitution/engine.go:79:				NewBootValidator				100.0%
github.com/fallofpheonix/PhoenixCore/constitution/engine.go:88:				ValidateBoot					85.7%
github.com/fallofpheonix/PhoenixCore/constitution/invariant.go:21:			VerifyIdentity					66.7%
github.com/fallofpheonix/PhoenixCore/constitution/invariant.go:33:			VerifyCausalIntegrity				0.0%
github.com/fallofpheonix/PhoenixCore/constitution/policy.go:18:				VerifyAuthority					60.0%
github.com/fallofpheonix/PhoenixCore/constitution/policy.go:35:				VerifySchema					0.0%
github.com/fallofpheonix/PhoenixCore/containment/file/audit.go:43:			NewFileAudit					0.0%
github.com/fallofpheonix/PhoenixCore/containment/file/audit.go:52:			computeHash					0.0%
github.com/fallofpheonix/PhoenixCore/containment/file/audit.go:72:			LogAction					0.0%
github.com/fallofpheonix/PhoenixCore/containment/file/snapshot.go:45:			calculateSnapshotHash				0.0%
github.com/fallofpheonix/PhoenixCore/containment/file/snapshot.go:61:			Normalize					0.0%
github.com/fallofpheonix/PhoenixCore/containment/file/snapshot.go:68:			CreateSnapshot					0.0%
github.com/fallofpheonix/PhoenixCore/containment/file/snapshot.go:85:			RestoreFromSnapshot				0.0%
github.com/fallofpheonix/PhoenixCore/containment/isolation.go:62:			NewIsolationEngine				0.0%
github.com/fallofpheonix/PhoenixCore/containment/network/audit.go:43:			NewNetworkAudit					0.0%
github.com/fallofpheonix/PhoenixCore/containment/network/audit.go:52:			computeHash					0.0%
github.com/fallofpheonix/PhoenixCore/containment/network/audit.go:76:			LogAction					0.0%
github.com/fallofpheonix/PhoenixCore/containment/network/snapshot.go:28:		calculateSnapshotHash				0.0%
github.com/fallofpheonix/PhoenixCore/containment/network/snapshot.go:44:		Normalize					0.0%
github.com/fallofpheonix/PhoenixCore/containment/network/snapshot.go:51:		CreateSnapshot					0.0%
github.com/fallofpheonix/PhoenixCore/containment/network/snapshot.go:68:		RestoreFromSnapshot				0.0%
github.com/fallofpheonix/PhoenixCore/containment/policy.go:44:				Transition					0.0%
github.com/fallofpheonix/PhoenixCore/containment/policy.go:65:				isValidContainmentTransition			0.0%
github.com/fallofpheonix/PhoenixCore/containment/process_audit.go:46:			NewProcessAudit					0.0%
github.com/fallofpheonix/PhoenixCore/containment/process_audit.go:54:			computeHash					0.0%
github.com/fallofpheonix/PhoenixCore/containment/process_audit.go:74:			LogAction					0.0%
github.com/fallofpheonix/PhoenixCore/containment/process_snapshot.go:49:		calculateSnapshotHash				0.0%
github.com/fallofpheonix/PhoenixCore/containment/process_snapshot.go:63:		Normalize					0.0%
github.com/fallofpheonix/PhoenixCore/containment/process_snapshot.go:70:		CreateSnapshot					0.0%
github.com/fallofpheonix/PhoenixCore/containment/process_snapshot.go:86:		RestoreFromSnapshot				0.0%
github.com/fallofpheonix/PhoenixCore/containment/rollback/audit.go:44:			NewRollbackAudit				0.0%
github.com/fallofpheonix/PhoenixCore/containment/rollback/audit.go:52:			computeHash					0.0%
github.com/fallofpheonix/PhoenixCore/containment/rollback/audit.go:72:			LogRollback					0.0%
github.com/fallofpheonix/PhoenixCore/containment/rollback/restore.go:42:		calculateGlobalHash				0.0%
github.com/fallofpheonix/PhoenixCore/containment/rollback/restore.go:73:		CreateGlobalSnapshot				0.0%
github.com/fallofpheonix/PhoenixCore/containment/rollback/restore.go:95:		RestoreGlobal					0.0%
github.com/fallofpheonix/PhoenixCore/containment/snapshot.go:47:			calculateHash					0.0%
github.com/fallofpheonix/PhoenixCore/containment/snapshot.go:63:			CreateSnapshot					0.0%
github.com/fallofpheonix/PhoenixCore/containment/snapshot.go:79:			RestoreFromSnapshot				0.0%
github.com/fallofpheonix/PhoenixCore/game/config.go:35:					LoadEcosystemConfig				0.0%
github.com/fallofpheonix/PhoenixCore/game/config.go:122:				handleConfig					0.0%
github.com/fallofpheonix/PhoenixCore/game/game_server.go:54:				NewGameServer					0.0%
github.com/fallofpheonix/PhoenixCore/game/game_server.go:63:				Start						0.0%
github.com/fallofpheonix/PhoenixCore/game/game_server.go:86:				corsHandler					0.0%
github.com/fallofpheonix/PhoenixCore/game/game_server.go:114:				handleEvents					0.0%
github.com/fallofpheonix/PhoenixCore/game/game_server.go:135:				handleGraph					0.0%
github.com/fallofpheonix/PhoenixCore/game/game_server.go:247:				handleWardenPolicy				0.0%
github.com/fallofpheonix/PhoenixCore/game/game_server.go:282:				handleScore					0.0%
github.com/fallofpheonix/PhoenixCore/game/game_server.go:287:				handleAction					0.0%
github.com/fallofpheonix/PhoenixCore/game/scoring.go:23:				NewScoreState					0.0%
github.com/fallofpheonix/PhoenixCore/game/scoring.go:33:				GetState					0.0%
github.com/fallofpheonix/PhoenixCore/game/scoring.go:45:				AddPoints					0.0%
github.com/fallofpheonix/PhoenixCore/game/scoring.go:53:				ApplyPenalty					0.0%
github.com/fallofpheonix/PhoenixCore/game/scoring.go:63:				AwardBadge					0.0%
github.com/fallofpheonix/PhoenixCore/game/scoring.go:76:				CompleteChallenge				0.0%
github.com/fallofpheonix/PhoenixCore/game/scoring.go:88:				Reset						0.0%
github.com/fallofpheonix/PhoenixCore/game/scoring.go:98:				updateLevel					0.0%
github.com/fallofpheonix/PhoenixCore/governance_engine/validator.go:41:			ValidateRoadmapIntegrity			0.0%
github.com/fallofpheonix/PhoenixCore/governance_engine/validator.go:67:			CheckMandatoryAxioms				0.0%
github.com/fallofpheonix/PhoenixCore/hardening/core.go:29:				ScanModules					0.0%
github.com/fallofpheonix/PhoenixCore/hardening/core.go:33:				BuildDependencyTree				0.0%
github.com/fallofpheonix/PhoenixCore/hardening/core.go:37:				BuildAll					0.0%
github.com/fallofpheonix/PhoenixCore/hardening/core.go:41:				GenerateChecksums				0.0%
github.com/fallofpheonix/PhoenixCore/hardening/core.go:45:				VerifyBuildRepeat				0.0%
github.com/fallofpheonix/PhoenixCore/hardening/core.go:49:				DetectIllegalState				0.0%
github.com/fallofpheonix/PhoenixCore/hardening/core.go:53:				ReproduceCrash					0.0%
github.com/fallofpheonix/PhoenixCore/hardening/core.go:57:				VerifyHash					0.0%
github.com/fallofpheonix/PhoenixCore/hardening/core.go:61:				VerifyDeterminism				0.0%
github.com/fallofpheonix/PhoenixCore/hardening/core.go:67:				PublishEvent					0.0%
github.com/fallofpheonix/PhoenixCore/hardening/core.go:71:				SubscribeEvent					0.0%
github.com/fallofpheonix/PhoenixCore/hardening/core.go:75:				StoreEvidence					0.0%
github.com/fallofpheonix/PhoenixCore/hardening/core.go:79:				FetchEvidence					0.0%
github.com/fallofpheonix/PhoenixCore/hardening/core.go:85:				ReplayScenario					0.0%
github.com/fallofpheonix/PhoenixCore/hardening/core.go:89:				StressReplay					0.0%
github.com/fallofpheonix/PhoenixCore/hardening/core.go:93:				CompareRuns					0.0%
github.com/fallofpheonix/PhoenixCore/hardening/core.go:97:				AuditReplay					0.0%
github.com/fallofpheonix/PhoenixCore/hardening/core.go:103:				AppendTruth					0.0%
github.com/fallofpheonix/PhoenixCore/hardening/core.go:107:				VerifyTruth					0.0%
github.com/fallofpheonix/PhoenixCore/hardening/core.go:111:				AuditTruth					0.0%
github.com/fallofpheonix/PhoenixCore/hardening/core.go:117:				RestoreState					0.0%
github.com/fallofpheonix/PhoenixCore/hardening/core.go:121:				RecoverReplay					0.0%
github.com/fallofpheonix/PhoenixCore/hardening/core.go:125:				RebuildTimeline					0.0%
github.com/fallofpheonix/PhoenixCore/hardening/core.go:131:				FuzzReplay					0.0%
github.com/fallofpheonix/PhoenixCore/hardening/core.go:134:				FuzzLedger					0.0%
github.com/fallofpheonix/PhoenixCore/hardening/core.go:137:				FuzzWarden					0.0%
github.com/fallofpheonix/PhoenixCore/hardening/core.go:140:				FuzzArbiter					0.0%
github.com/fallofpheonix/PhoenixCore/hardening/core.go:145:				InjectChaos					0.0%
github.com/fallofpheonix/PhoenixCore/ledger/main.go:12:					main						0.0%
github.com/fallofpheonix/PhoenixCore/ledger/src/ledger.go:55:				NewLedger					100.0%
github.com/fallofpheonix/PhoenixCore/ledger/src/ledger.go:68:				AddEntryV2					100.0%
github.com/fallofpheonix/PhoenixCore/ledger/src/ledger.go:105:				AddEntry					100.0%
github.com/fallofpheonix/PhoenixCore/ledger/src/ledger.go:111:				computeHash					92.9%
github.com/fallofpheonix/PhoenixCore/ledger/src/ledger.go:134:				computeValidationHash				100.0%
github.com/fallofpheonix/PhoenixCore/ledger/src/ledger.go:152:				Verify						89.5%
github.com/fallofpheonix/PhoenixCore/ledger/src/ledger.go:192:				Checkpoint					80.0%
github.com/fallofpheonix/PhoenixCore/ledger/src/ledger.go:207:				Prune						94.1%
github.com/fallofpheonix/PhoenixCore/ledger/src/ledger.go:242:				RollbackTo					0.0%
github.com/fallofpheonix/PhoenixCore/ledger/src/ledger.go:277:				GenerateCertificate				0.0%
github.com/fallofpheonix/PhoenixCore/ledger/src/ledger.go:286:				VerifyCertificate				0.0%
github.com/fallofpheonix/PhoenixCore/ledger/src/ledger.go:296:				SortedEntries					100.0%
github.com/fallofpheonix/PhoenixCore/monitor/entropy.go:24:				Calculate					94.7%
github.com/fallofpheonix/PhoenixCore/monitor/entropy.go:68:				CalculateEntropy				0.0%
github.com/fallofpheonix/PhoenixCore/monitor/kalman_refinement.go:12:			RefineDriftDetection				0.0%
github.com/fallofpheonix/PhoenixCore/monitor/monitor.go:53:				NewMonitorService				0.0%
github.com/fallofpheonix/PhoenixCore/monitor/monitor.go:68:				Start						0.0%
github.com/fallofpheonix/PhoenixCore/monitor/monitor.go:81:				Process						0.0%
github.com/fallofpheonix/PhoenixCore/monitor/robust_stats.go:10:			MedianOfMeans					0.0%
github.com/fallofpheonix/PhoenixCore/monitor/src/monitor.go:22:				CalculateEntropy				91.7%
github.com/fallofpheonix/PhoenixCore/monitor/src/monitor.go:56:				NewKalmanFilter					100.0%
github.com/fallofpheonix/PhoenixCore/monitor/src/monitor.go:65:				Filter						100.0%
github.com/fallofpheonix/PhoenixCore/monitor/src/monitor.go:77:				CalculateImportanceScore			100.0%
github.com/fallofpheonix/PhoenixCore/monitor/src/monitor.go:83:				main						0.0%
github.com/fallofpheonix/PhoenixCore/monitoring/alerting.go:117:			CreateAlert					0.0%
github.com/fallofpheonix/PhoenixCore/monitoring/alerting.go:148:			AcknowledgeAlert				0.0%
github.com/fallofpheonix/PhoenixCore/monitoring/alerting.go:166:			GetAlerts					0.0%
github.com/fallofpheonix/PhoenixCore/monitoring/alerting.go:187:			Subscribe					0.0%
github.com/fallofpheonix/PhoenixCore/nexus_coordination/bft.go:10:			ValidateBFTQuorum				0.0%
github.com/fallofpheonix/PhoenixCore/nexus_coordination/consensus.go:16:		Propose						0.0%
github.com/fallofpheonix/PhoenixCore/proto/v1/advisory/advisory.pb.go:58:		Reset						0.0%
github.com/fallofpheonix/PhoenixCore/proto/v1/advisory/advisory.pb.go:65:		String						0.0%
github.com/fallofpheonix/PhoenixCore/proto/v1/advisory/advisory.pb.go:69:		ProtoMessage					0.0%
github.com/fallofpheonix/PhoenixCore/proto/v1/advisory/advisory.pb.go:71:		ProtoReflect					0.0%
github.com/fallofpheonix/PhoenixCore/proto/v1/advisory/advisory.pb.go:84:		Descriptor					0.0%
github.com/fallofpheonix/PhoenixCore/proto/v1/advisory/advisory.pb.go:88:		GetRecommendationId				0.0%
github.com/fallofpheonix/PhoenixCore/proto/v1/advisory/advisory.pb.go:95:		GetType						0.0%
github.com/fallofpheonix/PhoenixCore/proto/v1/advisory/advisory.pb.go:102:		GetSummary					0.0%
github.com/fallofpheonix/PhoenixCore/proto/v1/advisory/advisory.pb.go:109:		GetImpact					0.0%
github.com/fallofpheonix/PhoenixCore/proto/v1/advisory/advisory.pb.go:116:		GetAlternatives					0.0%
github.com/fallofpheonix/PhoenixCore/proto/v1/advisory/advisory.pb.go:123:		GetOperatorAction				0.0%
github.com/fallofpheonix/PhoenixCore/proto/v1/advisory/advisory.pb.go:130:		GetConfidenceRef				0.0%
github.com/fallofpheonix/PhoenixCore/proto/v1/advisory/advisory.pb.go:137:		GetSchemaVersion				0.0%
github.com/fallofpheonix/PhoenixCore/proto/v1/advisory/advisory.pb.go:144:		GetCreatedAt					0.0%
github.com/fallofpheonix/PhoenixCore/proto/v1/advisory/advisory.pb.go:151:		GetUpdatedAt					0.0%
github.com/fallofpheonix/PhoenixCore/proto/v1/advisory/advisory.pb.go:158:		GetSourceRepo					0.0%
github.com/fallofpheonix/PhoenixCore/proto/v1/advisory/advisory.pb.go:165:		GetReplaySequence				0.0%
github.com/fallofpheonix/PhoenixCore/proto/v1/advisory/advisory.pb.go:172:		GetValidationHash				0.0%
github.com/fallofpheonix/PhoenixCore/proto/v1/advisory/advisory.pb.go:199:		Reset						0.0%
github.com/fallofpheonix/PhoenixCore/proto/v1/advisory/advisory.pb.go:206:		String						0.0%
github.com/fallofpheonix/PhoenixCore/proto/v1/advisory/advisory.pb.go:210:		ProtoMessage					0.0%
github.com/fallofpheonix/PhoenixCore/proto/v1/advisory/advisory.pb.go:212:		ProtoReflect					0.0%
github.com/fallofpheonix/PhoenixCore/proto/v1/advisory/advisory.pb.go:225:		Descriptor					0.0%
github.com/fallofpheonix/PhoenixCore/proto/v1/advisory/advisory.pb.go:229:		GetBundleId					0.0%
github.com/fallofpheonix/PhoenixCore/proto/v1/advisory/advisory.pb.go:236:		GetEvidenceRefs					0.0%
github.com/fallofpheonix/PhoenixCore/proto/v1/advisory/advisory.pb.go:243:		GetLineageRefs					0.0%
github.com/fallofpheonix/PhoenixCore/proto/v1/advisory/advisory.pb.go:250:		GetTrustFloor					0.0%
github.com/fallofpheonix/PhoenixCore/proto/v1/advisory/advisory.pb.go:257:		GetProvenance					0.0%
github.com/fallofpheonix/PhoenixCore/proto/v1/advisory/advisory.pb.go:264:		GetChecksum					0.0%
github.com/fallofpheonix/PhoenixCore/proto/v1/advisory/advisory.pb.go:271:		GetSchemaVersion				0.0%
github.com/fallofpheonix/PhoenixCore/proto/v1/advisory/advisory.pb.go:278:		GetCreatedAt					0.0%
github.com/fallofpheonix/PhoenixCore/proto/v1/advisory/advisory.pb.go:285:		GetUpdatedAt					0.0%
github.com/fallofpheonix/PhoenixCore/proto/v1/advisory/advisory.pb.go:292:		GetSourceRepo					0.0%
github.com/fallofpheonix/PhoenixCore/proto/v1/advisory/advisory.pb.go:299:		GetReplaySequence				0.0%
github.com/fallofpheonix/PhoenixCore/proto/v1/advisory/advisory.pb.go:306:		GetValidationHash				0.0%
github.com/fallofpheonix/PhoenixCore/proto/v1/advisory/advisory.pb.go:340:		Reset						0.0%
github.com/fallofpheonix/PhoenixCore/proto/v1/advisory/advisory.pb.go:347:		String						0.0%
github.com/fallofpheonix/PhoenixCore/proto/v1/advisory/advisory.pb.go:351:		ProtoMessage					0.0%
github.com/fallofpheonix/PhoenixCore/proto/v1/advisory/advisory.pb.go:353:		ProtoReflect					0.0%
github.com/fallofpheonix/PhoenixCore/proto/v1/advisory/advisory.pb.go:366:		Descriptor					0.0%
github.com/fallofpheonix/PhoenixCore/proto/v1/advisory/advisory.pb.go:370:		GetAdvisoryId					0.0%
github.com/fallofpheonix/PhoenixCore/proto/v1/advisory/advisory.pb.go:377:		GetAdvisoryVersion				0.0%
github.com/fallofpheonix/PhoenixCore/proto/v1/advisory/advisory.pb.go:384:		GetRecommendation				0.0%
github.com/fallofpheonix/PhoenixCore/proto/v1/advisory/advisory.pb.go:391:		GetEvidenceBundle				0.0%
github.com/fallofpheonix/PhoenixCore/proto/v1/advisory/advisory.pb.go:398:		GetConfidence					0.0%
github.com/fallofpheonix/PhoenixCore/proto/v1/advisory/advisory.pb.go:405:		GetRiskScore					0.0%
github.com/fallofpheonix/PhoenixCore/proto/v1/advisory/advisory.pb.go:412:		GetBoundedScope					0.0%
github.com/fallofpheonix/PhoenixCore/proto/v1/advisory/advisory.pb.go:419:		GetExpiration					0.0%
github.com/fallofpheonix/PhoenixCore/proto/v1/advisory/advisory.pb.go:426:		GetApprovalRequired				0.0%
github.com/fallofpheonix/PhoenixCore/proto/v1/advisory/advisory.pb.go:433:		GetForbiddenActions				0.0%
github.com/fallofpheonix/PhoenixCore/proto/v1/advisory/advisory.pb.go:440:		GetSignature					0.0%
github.com/fallofpheonix/PhoenixCore/proto/v1/advisory/advisory.pb.go:447:		GetSchemaVersion				0.0%
github.com/fallofpheonix/PhoenixCore/proto/v1/advisory/advisory.pb.go:454:		GetCreatedAt					0.0%
github.com/fallofpheonix/PhoenixCore/proto/v1/advisory/advisory.pb.go:461:		GetUpdatedAt					0.0%
github.com/fallofpheonix/PhoenixCore/proto/v1/advisory/advisory.pb.go:468:		GetSourceRepo					0.0%
github.com/fallofpheonix/PhoenixCore/proto/v1/advisory/advisory.pb.go:475:		GetReplaySequence				0.0%
github.com/fallofpheonix/PhoenixCore/proto/v1/advisory/advisory.pb.go:482:		GetValidationHash				0.0%
github.com/fallofpheonix/PhoenixCore/proto/v1/advisory/advisory.pb.go:509:		Reset						0.0%
github.com/fallofpheonix/PhoenixCore/proto/v1/advisory/advisory.pb.go:516:		String						0.0%
github.com/fallofpheonix/PhoenixCore/proto/v1/advisory/advisory.pb.go:520:		ProtoMessage					0.0%
github.com/fallofpheonix/PhoenixCore/proto/v1/advisory/advisory.pb.go:522:		ProtoReflect					0.0%
github.com/fallofpheonix/PhoenixCore/proto/v1/advisory/advisory.pb.go:535:		Descriptor					0.0%
github.com/fallofpheonix/PhoenixCore/proto/v1/advisory/advisory.pb.go:539:		GetModelId					0.0%
github.com/fallofpheonix/PhoenixCore/proto/v1/advisory/advisory.pb.go:546:		GetScore					0.0%
github.com/fallofpheonix/PhoenixCore/proto/v1/advisory/advisory.pb.go:553:		GetCalibration					0.0%
github.com/fallofpheonix/PhoenixCore/proto/v1/advisory/advisory.pb.go:560:		GetUncertainty					0.0%
github.com/fallofpheonix/PhoenixCore/proto/v1/advisory/advisory.pb.go:567:		GetExplanation					0.0%
github.com/fallofpheonix/PhoenixCore/proto/v1/advisory/advisory.pb.go:574:		GetSourceWeights				0.0%
github.com/fallofpheonix/PhoenixCore/proto/v1/advisory/advisory.pb.go:581:		GetSchemaVersion				0.0%
github.com/fallofpheonix/PhoenixCore/proto/v1/advisory/advisory.pb.go:588:		GetCreatedAt					0.0%
github.com/fallofpheonix/PhoenixCore/proto/v1/advisory/advisory.pb.go:595:		GetUpdatedAt					0.0%
github.com/fallofpheonix/PhoenixCore/proto/v1/advisory/advisory.pb.go:602:		GetSourceRepo					0.0%
github.com/fallofpheonix/PhoenixCore/proto/v1/advisory/advisory.pb.go:609:		GetReplaySequence				0.0%
github.com/fallofpheonix/PhoenixCore/proto/v1/advisory/advisory.pb.go:616:		GetValidationHash				0.0%
github.com/fallofpheonix/PhoenixCore/proto/v1/advisory/advisory.pb.go:644:		Reset						0.0%
github.com/fallofpheonix/PhoenixCore/proto/v1/advisory/advisory.pb.go:651:		String						0.0%
github.com/fallofpheonix/PhoenixCore/proto/v1/advisory/advisory.pb.go:655:		ProtoMessage					0.0%
github.com/fallofpheonix/PhoenixCore/proto/v1/advisory/advisory.pb.go:657:		ProtoReflect					0.0%
github.com/fallofpheonix/PhoenixCore/proto/v1/advisory/advisory.pb.go:670:		Descriptor					0.0%
github.com/fallofpheonix/PhoenixCore/proto/v1/advisory/advisory.pb.go:674:		GetApprovalId					0.0%
github.com/fallofpheonix/PhoenixCore/proto/v1/advisory/advisory.pb.go:681:		GetAdvisoryId					0.0%
github.com/fallofpheonix/PhoenixCore/proto/v1/advisory/advisory.pb.go:688:		GetRequestedBy					0.0%
github.com/fallofpheonix/PhoenixCore/proto/v1/advisory/advisory.pb.go:695:		GetRequestedScope				0.0%
github.com/fallofpheonix/PhoenixCore/proto/v1/advisory/advisory.pb.go:702:		GetApproverRole					0.0%
github.com/fallofpheonix/PhoenixCore/proto/v1/advisory/advisory.pb.go:709:		GetTimeout					0.0%
github.com/fallofpheonix/PhoenixCore/proto/v1/advisory/advisory.pb.go:716:		GetRollbackPlan					0.0%
github.com/fallofpheonix/PhoenixCore/proto/v1/advisory/advisory.pb.go:723:		GetSchemaVersion				0.0%
github.com/fallofpheonix/PhoenixCore/proto/v1/advisory/advisory.pb.go:730:		GetCreatedAt					0.0%
github.com/fallofpheonix/PhoenixCore/proto/v1/advisory/advisory.pb.go:737:		GetUpdatedAt					0.0%
github.com/fallofpheonix/PhoenixCore/proto/v1/advisory/advisory.pb.go:744:		GetSourceRepo					0.0%
github.com/fallofpheonix/PhoenixCore/proto/v1/advisory/advisory.pb.go:751:		GetReplaySequence				0.0%
github.com/fallofpheonix/PhoenixCore/proto/v1/advisory/advisory.pb.go:758:		GetValidationHash				0.0%
github.com/fallofpheonix/PhoenixCore/proto/v1/advisory/advisory.pb.go:879:		file_proto_v1_advisory_proto_rawDescGZIP	0.0%
github.com/fallofpheonix/PhoenixCore/proto/v1/advisory/advisory.pb.go:918:		init						0.0%
github.com/fallofpheonix/PhoenixCore/proto/v1/advisory/advisory.pb.go:919:		file_proto_v1_advisory_proto_init		0.0%
github.com/fallofpheonix/PhoenixCore/proto/v1/distributed/distributed.pb.go:57:		Reset						0.0%
github.com/fallofpheonix/PhoenixCore/proto/v1/distributed/distributed.pb.go:64:		String						0.0%
github.com/fallofpheonix/PhoenixCore/proto/v1/distributed/distributed.pb.go:68:		ProtoMessage					0.0%
github.com/fallofpheonix/PhoenixCore/proto/v1/distributed/distributed.pb.go:70:		ProtoReflect					0.0%
github.com/fallofpheonix/PhoenixCore/proto/v1/distributed/distributed.pb.go:83:		Descriptor					0.0%
github.com/fallofpheonix/PhoenixCore/proto/v1/distributed/distributed.pb.go:87:		GetNodeId					0.0%
github.com/fallofpheonix/PhoenixCore/proto/v1/distributed/distributed.pb.go:94:		GetRepo						0.0%
github.com/fallofpheonix/PhoenixCore/proto/v1/distributed/distributed.pb.go:101:	GetAuthorityLevel				0.0%
github.com/fallofpheonix/PhoenixCore/proto/v1/distributed/distributed.pb.go:108:	GetPublicKey					0.0%
github.com/fallofpheonix/PhoenixCore/proto/v1/distributed/distributed.pb.go:115:	GetRegion					0.0%
github.com/fallofpheonix/PhoenixCore/proto/v1/distributed/distributed.pb.go:122:	GetEpoch					0.0%
github.com/fallofpheonix/PhoenixCore/proto/v1/distributed/distributed.pb.go:129:	GetSchemaVersion				0.0%
github.com/fallofpheonix/PhoenixCore/proto/v1/distributed/distributed.pb.go:136:	GetCreatedAt					0.0%
github.com/fallofpheonix/PhoenixCore/proto/v1/distributed/distributed.pb.go:143:	GetUpdatedAt					0.0%
github.com/fallofpheonix/PhoenixCore/proto/v1/distributed/distributed.pb.go:150:	GetSourceRepo					0.0%
github.com/fallofpheonix/PhoenixCore/proto/v1/distributed/distributed.pb.go:157:	GetReplaySequence				0.0%
github.com/fallofpheonix/PhoenixCore/proto/v1/distributed/distributed.pb.go:164:	GetValidationHash				0.0%
github.com/fallofpheonix/PhoenixCore/proto/v1/distributed/distributed.pb.go:191:	Reset						0.0%
github.com/fallofpheonix/PhoenixCore/proto/v1/distributed/distributed.pb.go:198:	String						0.0%
github.com/fallofpheonix/PhoenixCore/proto/v1/distributed/distributed.pb.go:202:	ProtoMessage					0.0%
github.com/fallofpheonix/PhoenixCore/proto/v1/distributed/distributed.pb.go:204:	ProtoReflect					0.0%
github.com/fallofpheonix/PhoenixCore/proto/v1/distributed/distributed.pb.go:217:	Descriptor					0.0%
github.com/fallofpheonix/PhoenixCore/proto/v1/distributed/distributed.pb.go:221:	GetCertId					0.0%
github.com/fallofpheonix/PhoenixCore/proto/v1/distributed/distributed.pb.go:228:	GetNodeId					0.0%
github.com/fallofpheonix/PhoenixCore/proto/v1/distributed/distributed.pb.go:235:	GetAuthorityScope				0.0%
github.com/fallofpheonix/PhoenixCore/proto/v1/distributed/distributed.pb.go:242:	GetIssuer					0.0%
github.com/fallofpheonix/PhoenixCore/proto/v1/distributed/distributed.pb.go:249:	GetExpiresAt					0.0%
github.com/fallofpheonix/PhoenixCore/proto/v1/distributed/distributed.pb.go:256:	GetSignature					0.0%
github.com/fallofpheonix/PhoenixCore/proto/v1/distributed/distributed.pb.go:263:	GetSchemaVersion				0.0%
github.com/fallofpheonix/PhoenixCore/proto/v1/distributed/distributed.pb.go:270:	GetCreatedAt					0.0%
github.com/fallofpheonix/PhoenixCore/proto/v1/distributed/distributed.pb.go:277:	GetUpdatedAt					0.0%
github.com/fallofpheonix/PhoenixCore/proto/v1/distributed/distributed.pb.go:284:	GetSourceRepo					0.0%
github.com/fallofpheonix/PhoenixCore/proto/v1/distributed/distributed.pb.go:291:	GetReplaySequence				0.0%
github.com/fallofpheonix/PhoenixCore/proto/v1/distributed/distributed.pb.go:298:	GetValidationHash				0.0%
github.com/fallofpheonix/PhoenixCore/proto/v1/distributed/distributed.pb.go:325:	Reset						0.0%
github.com/fallofpheonix/PhoenixCore/proto/v1/distributed/distributed.pb.go:332:	String						0.0%
github.com/fallofpheonix/PhoenixCore/proto/v1/distributed/distributed.pb.go:336:	ProtoMessage					0.0%
github.com/fallofpheonix/PhoenixCore/proto/v1/distributed/distributed.pb.go:338:	ProtoReflect					0.0%
github.com/fallofpheonix/PhoenixCore/proto/v1/distributed/distributed.pb.go:351:	Descriptor					0.0%
github.com/fallofpheonix/PhoenixCore/proto/v1/distributed/distributed.pb.go:355:	GetReplicationId				0.0%
github.com/fallofpheonix/PhoenixCore/proto/v1/distributed/distributed.pb.go:362:	GetLedgerRef					0.0%
github.com/fallofpheonix/PhoenixCore/proto/v1/distributed/distributed.pb.go:369:	GetVersion					0.0%
github.com/fallofpheonix/PhoenixCore/proto/v1/distributed/distributed.pb.go:376:	GetSourceNode					0.0%
github.com/fallofpheonix/PhoenixCore/proto/v1/distributed/distributed.pb.go:383:	GetTargetNodes					0.0%
github.com/fallofpheonix/PhoenixCore/proto/v1/distributed/distributed.pb.go:390:	GetChecksum					0.0%
github.com/fallofpheonix/PhoenixCore/proto/v1/distributed/distributed.pb.go:397:	GetSchemaVersion				0.0%
github.com/fallofpheonix/PhoenixCore/proto/v1/distributed/distributed.pb.go:404:	GetCreatedAt					0.0%
github.com/fallofpheonix/PhoenixCore/proto/v1/distributed/distributed.pb.go:411:	GetUpdatedAt					0.0%
github.com/fallofpheonix/PhoenixCore/proto/v1/distributed/distributed.pb.go:418:	GetSourceRepo					0.0%
github.com/fallofpheonix/PhoenixCore/proto/v1/distributed/distributed.pb.go:425:	GetReplaySequence				0.0%
github.com/fallofpheonix/PhoenixCore/proto/v1/distributed/distributed.pb.go:432:	GetValidationHash				0.0%
github.com/fallofpheonix/PhoenixCore/proto/v1/distributed/distributed.pb.go:459:	Reset						0.0%
github.com/fallofpheonix/PhoenixCore/proto/v1/distributed/distributed.pb.go:466:	String						0.0%
github.com/fallofpheonix/PhoenixCore/proto/v1/distributed/distributed.pb.go:470:	ProtoMessage					0.0%
github.com/fallofpheonix/PhoenixCore/proto/v1/distributed/distributed.pb.go:472:	ProtoReflect					0.0%
github.com/fallofpheonix/PhoenixCore/proto/v1/distributed/distributed.pb.go:485:	Descriptor					0.0%
github.com/fallofpheonix/PhoenixCore/proto/v1/distributed/distributed.pb.go:489:	GetConsensusId					0.0%
github.com/fallofpheonix/PhoenixCore/proto/v1/distributed/distributed.pb.go:496:	GetTerm						0.0%
github.com/fallofpheonix/PhoenixCore/proto/v1/distributed/distributed.pb.go:503:	GetLeader					0.0%
github.com/fallofpheonix/PhoenixCore/proto/v1/distributed/distributed.pb.go:510:	GetQuorum					0.0%
github.com/fallofpheonix/PhoenixCore/proto/v1/distributed/distributed.pb.go:517:	GetCommitIndex					0.0%
github.com/fallofpheonix/PhoenixCore/proto/v1/distributed/distributed.pb.go:524:	GetDivergenceState				0.0%
github.com/fallofpheonix/PhoenixCore/proto/v1/distributed/distributed.pb.go:531:	GetSchemaVersion				0.0%
github.com/fallofpheonix/PhoenixCore/proto/v1/distributed/distributed.pb.go:538:	GetCreatedAt					0.0%
github.com/fallofpheonix/PhoenixCore/proto/v1/distributed/distributed.pb.go:545:	GetUpdatedAt					0.0%
github.com/fallofpheonix/PhoenixCore/proto/v1/distributed/distributed.pb.go:552:	GetSourceRepo					0.0%
github.com/fallofpheonix/PhoenixCore/proto/v1/distributed/distributed.pb.go:559:	GetReplaySequence				0.0%
github.com/fallofpheonix/PhoenixCore/proto/v1/distributed/distributed.pb.go:566:	GetValidationHash				0.0%
github.com/fallofpheonix/PhoenixCore/proto/v1/distributed/distributed.pb.go:592:	Reset						0.0%
github.com/fallofpheonix/PhoenixCore/proto/v1/distributed/distributed.pb.go:599:	String						0.0%
github.com/fallofpheonix/PhoenixCore/proto/v1/distributed/distributed.pb.go:603:	ProtoMessage					0.0%
github.com/fallofpheonix/PhoenixCore/proto/v1/distributed/distributed.pb.go:605:	ProtoReflect					0.0%
github.com/fallofpheonix/PhoenixCore/proto/v1/distributed/distributed.pb.go:618:	Descriptor					0.0%
github.com/fallofpheonix/PhoenixCore/proto/v1/distributed/distributed.pb.go:622:	GetProofId					0.0%
github.com/fallofpheonix/PhoenixCore/proto/v1/distributed/distributed.pb.go:629:	GetAcceptedNodes				0.0%
github.com/fallofpheonix/PhoenixCore/proto/v1/distributed/distributed.pb.go:636:	GetThreshold					0.0%
github.com/fallofpheonix/PhoenixCore/proto/v1/distributed/distributed.pb.go:643:	GetSignatures					0.0%
github.com/fallofpheonix/PhoenixCore/proto/v1/distributed/distributed.pb.go:650:	GetEvidenceHash					0.0%
github.com/fallofpheonix/PhoenixCore/proto/v1/distributed/distributed.pb.go:657:	GetSchemaVersion				0.0%
github.com/fallofpheonix/PhoenixCore/proto/v1/distributed/distributed.pb.go:664:	GetCreatedAt					0.0%
github.com/fallofpheonix/PhoenixCore/proto/v1/distributed/distributed.pb.go:671:	GetUpdatedAt					0.0%
github.com/fallofpheonix/PhoenixCore/proto/v1/distributed/distributed.pb.go:678:	GetSourceRepo					0.0%
github.com/fallofpheonix/PhoenixCore/proto/v1/distributed/distributed.pb.go:685:	GetReplaySequence				0.0%
github.com/fallofpheonix/PhoenixCore/proto/v1/distributed/distributed.pb.go:692:	GetValidationHash				0.0%
github.com/fallofpheonix/PhoenixCore/proto/v1/distributed/distributed.pb.go:719:	Reset						0.0%
github.com/fallofpheonix/PhoenixCore/proto/v1/distributed/distributed.pb.go:726:	String						0.0%
github.com/fallofpheonix/PhoenixCore/proto/v1/distributed/distributed.pb.go:730:	ProtoMessage					0.0%
github.com/fallofpheonix/PhoenixCore/proto/v1/distributed/distributed.pb.go:732:	ProtoReflect					0.0%
github.com/fallofpheonix/PhoenixCore/proto/v1/distributed/distributed.pb.go:745:	Descriptor					0.0%
github.com/fallofpheonix/PhoenixCore/proto/v1/distributed/distributed.pb.go:749:	GetSyncId					0.0%
github.com/fallofpheonix/PhoenixCore/proto/v1/distributed/distributed.pb.go:756:	GetNodeId					0.0%
github.com/fallofpheonix/PhoenixCore/proto/v1/distributed/distributed.pb.go:763:	GetStatus					0.0%
github.com/fallofpheonix/PhoenixCore/proto/v1/distributed/distributed.pb.go:770:	GetLag						0.0%
github.com/fallofpheonix/PhoenixCore/proto/v1/distributed/distributed.pb.go:777:	GetRecoveredState				0.0%
github.com/fallofpheonix/PhoenixCore/proto/v1/distributed/distributed.pb.go:784:	GetReplayMarker					0.0%
github.com/fallofpheonix/PhoenixCore/proto/v1/distributed/distributed.pb.go:791:	GetSchemaVersion				0.0%
github.com/fallofpheonix/PhoenixCore/proto/v1/distributed/distributed.pb.go:798:	GetCreatedAt					0.0%
github.com/fallofpheonix/PhoenixCore/proto/v1/distributed/distributed.pb.go:805:	GetUpdatedAt					0.0%
github.com/fallofpheonix/PhoenixCore/proto/v1/distributed/distributed.pb.go:812:	GetSourceRepo					0.0%
github.com/fallofpheonix/PhoenixCore/proto/v1/distributed/distributed.pb.go:819:	GetReplaySequence				0.0%
github.com/fallofpheonix/PhoenixCore/proto/v1/distributed/distributed.pb.go:826:	GetValidationHash				0.0%
github.com/fallofpheonix/PhoenixCore/proto/v1/distributed/distributed.pb.go:951:	file_proto_v1_distributed_proto_rawDescGZIP	0.0%
github.com/fallofpheonix/PhoenixCore/proto/v1/distributed/distributed.pb.go:991:	init						0.0%
github.com/fallofpheonix/PhoenixCore/proto/v1/distributed/distributed.pb.go:992:	file_proto_v1_distributed_proto_init		0.0%
github.com/fallofpheonix/PhoenixCore/proto/v1/enforcement/enforcement.pb.go:56:		Reset						0.0%
github.com/fallofpheonix/PhoenixCore/proto/v1/enforcement/enforcement.pb.go:63:		String						0.0%
github.com/fallofpheonix/PhoenixCore/proto/v1/enforcement/enforcement.pb.go:67:		ProtoMessage					0.0%
github.com/fallofpheonix/PhoenixCore/proto/v1/enforcement/enforcement.pb.go:69:		ProtoReflect					0.0%
github.com/fallofpheonix/PhoenixCore/proto/v1/enforcement/enforcement.pb.go:82:		Descriptor					0.0%
github.com/fallofpheonix/PhoenixCore/proto/v1/enforcement/enforcement.pb.go:86:		GetRollbackId					0.0%
github.com/fallofpheonix/PhoenixCore/proto/v1/enforcement/enforcement.pb.go:93:		GetTargetState					0.0%
github.com/fallofpheonix/PhoenixCore/proto/v1/enforcement/enforcement.pb.go:100:	GetInverseSteps					0.0%
github.com/fallofpheonix/PhoenixCore/proto/v1/enforcement/enforcement.pb.go:107:	GetDeadline					0.0%
github.com/fallofpheonix/PhoenixCore/proto/v1/enforcement/enforcement.pb.go:114:	GetVerification					0.0%
github.com/fallofpheonix/PhoenixCore/proto/v1/enforcement/enforcement.pb.go:121:	GetSchemaVersion				0.0%
github.com/fallofpheonix/PhoenixCore/proto/v1/enforcement/enforcement.pb.go:128:	GetCreatedAt					0.0%
github.com/fallofpheonix/PhoenixCore/proto/v1/enforcement/enforcement.pb.go:135:	GetUpdatedAt					0.0%
github.com/fallofpheonix/PhoenixCore/proto/v1/enforcement/enforcement.pb.go:142:	GetSourceRepo					0.0%
github.com/fallofpheonix/PhoenixCore/proto/v1/enforcement/enforcement.pb.go:149:	GetReplaySequence				0.0%
github.com/fallofpheonix/PhoenixCore/proto/v1/enforcement/enforcement.pb.go:156:	GetValidationHash				0.0%
github.com/fallofpheonix/PhoenixCore/proto/v1/enforcement/enforcement.pb.go:186:	Reset						0.0%
github.com/fallofpheonix/PhoenixCore/proto/v1/enforcement/enforcement.pb.go:193:	String						0.0%
github.com/fallofpheonix/PhoenixCore/proto/v1/enforcement/enforcement.pb.go:197:	ProtoMessage					0.0%
github.com/fallofpheonix/PhoenixCore/proto/v1/enforcement/enforcement.pb.go:199:	ProtoReflect					0.0%
github.com/fallofpheonix/PhoenixCore/proto/v1/enforcement/enforcement.pb.go:212:	Descriptor					0.0%
github.com/fallofpheonix/PhoenixCore/proto/v1/enforcement/enforcement.pb.go:216:	GetRequestId					0.0%
github.com/fallofpheonix/PhoenixCore/proto/v1/enforcement/enforcement.pb.go:223:	GetTarget					0.0%
github.com/fallofpheonix/PhoenixCore/proto/v1/enforcement/enforcement.pb.go:230:	GetAction					0.0%
github.com/fallofpheonix/PhoenixCore/proto/v1/enforcement/enforcement.pb.go:237:	GetScope					0.0%
github.com/fallofpheonix/PhoenixCore/proto/v1/enforcement/enforcement.pb.go:244:	GetTimeout					0.0%
github.com/fallofpheonix/PhoenixCore/proto/v1/enforcement/enforcement.pb.go:251:	GetRollbackPlan					0.0%
github.com/fallofpheonix/PhoenixCore/proto/v1/enforcement/enforcement.pb.go:258:	GetReplayMarker					0.0%
github.com/fallofpheonix/PhoenixCore/proto/v1/enforcement/enforcement.pb.go:265:	GetApprovalChain				0.0%
github.com/fallofpheonix/PhoenixCore/proto/v1/enforcement/enforcement.pb.go:272:	GetSchemaVersion				0.0%
github.com/fallofpheonix/PhoenixCore/proto/v1/enforcement/enforcement.pb.go:279:	GetCreatedAt					0.0%
github.com/fallofpheonix/PhoenixCore/proto/v1/enforcement/enforcement.pb.go:286:	GetUpdatedAt					0.0%
github.com/fallofpheonix/PhoenixCore/proto/v1/enforcement/enforcement.pb.go:293:	GetSourceRepo					0.0%
github.com/fallofpheonix/PhoenixCore/proto/v1/enforcement/enforcement.pb.go:300:	GetReplaySequence				0.0%
github.com/fallofpheonix/PhoenixCore/proto/v1/enforcement/enforcement.pb.go:307:	GetValidationHash				0.0%
github.com/fallofpheonix/PhoenixCore/proto/v1/enforcement/enforcement.pb.go:335:	Reset						0.0%
github.com/fallofpheonix/PhoenixCore/proto/v1/enforcement/enforcement.pb.go:342:	String						0.0%
github.com/fallofpheonix/PhoenixCore/proto/v1/enforcement/enforcement.pb.go:346:	ProtoMessage					0.0%
github.com/fallofpheonix/PhoenixCore/proto/v1/enforcement/enforcement.pb.go:348:	ProtoReflect					0.0%
github.com/fallofpheonix/PhoenixCore/proto/v1/enforcement/enforcement.pb.go:361:	Descriptor					0.0%
github.com/fallofpheonix/PhoenixCore/proto/v1/enforcement/enforcement.pb.go:365:	GetApprovalId					0.0%
github.com/fallofpheonix/PhoenixCore/proto/v1/enforcement/enforcement.pb.go:372:	GetRequestId					0.0%
github.com/fallofpheonix/PhoenixCore/proto/v1/enforcement/enforcement.pb.go:379:	GetApprover					0.0%
github.com/fallofpheonix/PhoenixCore/proto/v1/enforcement/enforcement.pb.go:386:	GetDecision					0.0%
github.com/fallofpheonix/PhoenixCore/proto/v1/enforcement/enforcement.pb.go:393:	GetConditions					0.0%
github.com/fallofpheonix/PhoenixCore/proto/v1/enforcement/enforcement.pb.go:400:	GetExpiry					0.0%
github.com/fallofpheonix/PhoenixCore/proto/v1/enforcement/enforcement.pb.go:407:	GetSignature					0.0%
github.com/fallofpheonix/PhoenixCore/proto/v1/enforcement/enforcement.pb.go:414:	GetSchemaVersion				0.0%
github.com/fallofpheonix/PhoenixCore/proto/v1/enforcement/enforcement.pb.go:421:	GetCreatedAt					0.0%
github.com/fallofpheonix/PhoenixCore/proto/v1/enforcement/enforcement.pb.go:428:	GetUpdatedAt					0.0%
github.com/fallofpheonix/PhoenixCore/proto/v1/enforcement/enforcement.pb.go:435:	GetSourceRepo					0.0%
github.com/fallofpheonix/PhoenixCore/proto/v1/enforcement/enforcement.pb.go:442:	GetReplaySequence				0.0%
github.com/fallofpheonix/PhoenixCore/proto/v1/enforcement/enforcement.pb.go:449:	GetValidationHash				0.0%
github.com/fallofpheonix/PhoenixCore/proto/v1/enforcement/enforcement.pb.go:475:	Reset						0.0%
github.com/fallofpheonix/PhoenixCore/proto/v1/enforcement/enforcement.pb.go:482:	String						0.0%
github.com/fallofpheonix/PhoenixCore/proto/v1/enforcement/enforcement.pb.go:486:	ProtoMessage					0.0%
github.com/fallofpheonix/PhoenixCore/proto/v1/enforcement/enforcement.pb.go:488:	ProtoReflect					0.0%
github.com/fallofpheonix/PhoenixCore/proto/v1/enforcement/enforcement.pb.go:501:	Descriptor					0.0%
github.com/fallofpheonix/PhoenixCore/proto/v1/enforcement/enforcement.pb.go:505:	GetPlanId					0.0%
github.com/fallofpheonix/PhoenixCore/proto/v1/enforcement/enforcement.pb.go:512:	GetSteps					0.0%
github.com/fallofpheonix/PhoenixCore/proto/v1/enforcement/enforcement.pb.go:519:	GetDeterministicOrder				0.0%
github.com/fallofpheonix/PhoenixCore/proto/v1/enforcement/enforcement.pb.go:526:	GetPreconditions				0.0%
github.com/fallofpheonix/PhoenixCore/proto/v1/enforcement/enforcement.pb.go:533:	GetRollbackSteps				0.0%
github.com/fallofpheonix/PhoenixCore/proto/v1/enforcement/enforcement.pb.go:540:	GetSchemaVersion				0.0%
github.com/fallofpheonix/PhoenixCore/proto/v1/enforcement/enforcement.pb.go:547:	GetCreatedAt					0.0%
github.com/fallofpheonix/PhoenixCore/proto/v1/enforcement/enforcement.pb.go:554:	GetUpdatedAt					0.0%
github.com/fallofpheonix/PhoenixCore/proto/v1/enforcement/enforcement.pb.go:561:	GetSourceRepo					0.0%
github.com/fallofpheonix/PhoenixCore/proto/v1/enforcement/enforcement.pb.go:568:	GetReplaySequence				0.0%
github.com/fallofpheonix/PhoenixCore/proto/v1/enforcement/enforcement.pb.go:575:	GetValidationHash				0.0%
github.com/fallofpheonix/PhoenixCore/proto/v1/enforcement/enforcement.pb.go:603:	Reset						0.0%
github.com/fallofpheonix/PhoenixCore/proto/v1/enforcement/enforcement.pb.go:610:	String						0.0%
github.com/fallofpheonix/PhoenixCore/proto/v1/enforcement/enforcement.pb.go:614:	ProtoMessage					0.0%
github.com/fallofpheonix/PhoenixCore/proto/v1/enforcement/enforcement.pb.go:616:	ProtoReflect					0.0%
github.com/fallofpheonix/PhoenixCore/proto/v1/enforcement/enforcement.pb.go:629:	Descriptor					0.0%
github.com/fallofpheonix/PhoenixCore/proto/v1/enforcement/enforcement.pb.go:633:	GetResultId					0.0%
github.com/fallofpheonix/PhoenixCore/proto/v1/enforcement/enforcement.pb.go:640:	GetRequestId					0.0%
github.com/fallofpheonix/PhoenixCore/proto/v1/enforcement/enforcement.pb.go:647:	GetSuccess					0.0%
github.com/fallofpheonix/PhoenixCore/proto/v1/enforcement/enforcement.pb.go:654:	GetAppliedSteps					0.0%
github.com/fallofpheonix/PhoenixCore/proto/v1/enforcement/enforcement.pb.go:661:	GetErrors					0.0%
github.com/fallofpheonix/PhoenixCore/proto/v1/enforcement/enforcement.pb.go:668:	GetFinalState					0.0%
github.com/fallofpheonix/PhoenixCore/proto/v1/enforcement/enforcement.pb.go:675:	GetReplayMarker					0.0%
github.com/fallofpheonix/PhoenixCore/proto/v1/enforcement/enforcement.pb.go:682:	GetSchemaVersion				0.0%
github.com/fallofpheonix/PhoenixCore/proto/v1/enforcement/enforcement.pb.go:689:	GetCreatedAt					0.0%
github.com/fallofpheonix/PhoenixCore/proto/v1/enforcement/enforcement.pb.go:696:	GetUpdatedAt					0.0%
github.com/fallofpheonix/PhoenixCore/proto/v1/enforcement/enforcement.pb.go:703:	GetSourceRepo					0.0%
github.com/fallofpheonix/PhoenixCore/proto/v1/enforcement/enforcement.pb.go:710:	GetReplaySequence				0.0%
github.com/fallofpheonix/PhoenixCore/proto/v1/enforcement/enforcement.pb.go:717:	GetValidationHash				0.0%
github.com/fallofpheonix/PhoenixCore/proto/v1/enforcement/enforcement.pb.go:745:	Reset						0.0%
github.com/fallofpheonix/PhoenixCore/proto/v1/enforcement/enforcement.pb.go:752:	String						0.0%
github.com/fallofpheonix/PhoenixCore/proto/v1/enforcement/enforcement.pb.go:756:	ProtoMessage					0.0%
github.com/fallofpheonix/PhoenixCore/proto/v1/enforcement/enforcement.pb.go:758:	ProtoReflect					0.0%
github.com/fallofpheonix/PhoenixCore/proto/v1/enforcement/enforcement.pb.go:771:	Descriptor					0.0%
github.com/fallofpheonix/PhoenixCore/proto/v1/enforcement/enforcement.pb.go:775:	GetSwitchId					0.0%
github.com/fallofpheonix/PhoenixCore/proto/v1/enforcement/enforcement.pb.go:782:	GetMode						0.0%
github.com/fallofpheonix/PhoenixCore/proto/v1/enforcement/enforcement.pb.go:789:	GetReason					0.0%
github.com/fallofpheonix/PhoenixCore/proto/v1/enforcement/enforcement.pb.go:796:	GetActivatedBy					0.0%
github.com/fallofpheonix/PhoenixCore/proto/v1/enforcement/enforcement.pb.go:803:	GetDuration					0.0%
github.com/fallofpheonix/PhoenixCore/proto/v1/enforcement/enforcement.pb.go:810:	GetRecoveryConditions				0.0%
github.com/fallofpheonix/PhoenixCore/proto/v1/enforcement/enforcement.pb.go:817:	GetSchemaVersion				0.0%
github.com/fallofpheonix/PhoenixCore/proto/v1/enforcement/enforcement.pb.go:824:	GetCreatedAt					0.0%
github.com/fallofpheonix/PhoenixCore/proto/v1/enforcement/enforcement.pb.go:831:	GetUpdatedAt					0.0%
github.com/fallofpheonix/PhoenixCore/proto/v1/enforcement/enforcement.pb.go:838:	GetSourceRepo					0.0%
github.com/fallofpheonix/PhoenixCore/proto/v1/enforcement/enforcement.pb.go:845:	GetReplaySequence				0.0%
github.com/fallofpheonix/PhoenixCore/proto/v1/enforcement/enforcement.pb.go:852:	GetValidationHash				0.0%
github.com/fallofpheonix/PhoenixCore/proto/v1/enforcement/enforcement.pb.go:982:	file_proto_v1_enforcement_proto_rawDescGZIP	0.0%
github.com/fallofpheonix/PhoenixCore/proto/v1/enforcement/enforcement.pb.go:1025:	init						0.0%
github.com/fallofpheonix/PhoenixCore/proto/v1/enforcement/enforcement.pb.go:1026:	file_proto_v1_enforcement_proto_init		0.0%
github.com/fallofpheonix/PhoenixCore/proto/v1/event/event.pb.go:84:			Reset						0.0%
github.com/fallofpheonix/PhoenixCore/proto/v1/event/event.pb.go:91:			String						0.0%
github.com/fallofpheonix/PhoenixCore/proto/v1/event/event.pb.go:95:			ProtoMessage					0.0%
github.com/fallofpheonix/PhoenixCore/proto/v1/event/event.pb.go:97:			ProtoReflect					0.0%
github.com/fallofpheonix/PhoenixCore/proto/v1/event/event.pb.go:110:			Descriptor					0.0%
github.com/fallofpheonix/PhoenixCore/proto/v1/event/event.pb.go:114:			GetEventId					0.0%
github.com/fallofpheonix/PhoenixCore/proto/v1/event/event.pb.go:121:			GetEventVersion					0.0%
github.com/fallofpheonix/PhoenixCore/proto/v1/event/event.pb.go:128:			GetEventType					0.0%
github.com/fallofpheonix/PhoenixCore/proto/v1/event/event.pb.go:135:			GetTimestamp					0.0%
github.com/fallofpheonix/PhoenixCore/proto/v1/event/event.pb.go:142:			GetMonotonicTime				0.0%
github.com/fallofpheonix/PhoenixCore/proto/v1/event/event.pb.go:149:			GetSourceRepo					0.0%
github.com/fallofpheonix/PhoenixCore/proto/v1/event/event.pb.go:156:			GetSourceComponent				0.0%
github.com/fallofpheonix/PhoenixCore/proto/v1/event/event.pb.go:163:			GetParentEvent					0.0%
github.com/fallofpheonix/PhoenixCore/proto/v1/event/event.pb.go:170:			GetCorrelationId				0.0%
github.com/fallofpheonix/PhoenixCore/proto/v1/event/event.pb.go:177:			GetCausalChain					0.0%
github.com/fallofpheonix/PhoenixCore/proto/v1/event/event.pb.go:184:			GetReplaySequence				0.0%
github.com/fallofpheonix/PhoenixCore/proto/v1/event/event.pb.go:191:			GetEvidenceHash					0.0%
github.com/fallofpheonix/PhoenixCore/proto/v1/event/event.pb.go:198:			GetTrustScore					0.0%
github.com/fallofpheonix/PhoenixCore/proto/v1/event/event.pb.go:205:			GetSignature					0.0%
github.com/fallofpheonix/PhoenixCore/proto/v1/event/event.pb.go:212:			GetPayloadHash					0.0%
github.com/fallofpheonix/PhoenixCore/proto/v1/event/event.pb.go:219:			GetSchemaVersion				0.0%
github.com/fallofpheonix/PhoenixCore/proto/v1/event/event.pb.go:226:			GetCreatedAt					0.0%
github.com/fallofpheonix/PhoenixCore/proto/v1/event/event.pb.go:233:			GetUpdatedAt					0.0%
github.com/fallofpheonix/PhoenixCore/proto/v1/event/event.pb.go:240:			GetValidationHash				0.0%
github.com/fallofpheonix/PhoenixCore/proto/v1/event/event.pb.go:284:			file_proto_v1_event_proto_rawDescGZIP		0.0%
github.com/fallofpheonix/PhoenixCore/proto/v1/event/event.pb.go:307:			init						0.0%
github.com/fallofpheonix/PhoenixCore/proto/v1/event/event.pb.go:308:			file_proto_v1_event_proto_init			0.0%
github.com/fallofpheonix/PhoenixCore/proto/v1/fsm/fsm.pb.go:67:				Enum						0.0%
github.com/fallofpheonix/PhoenixCore/proto/v1/fsm/fsm.pb.go:73:				String						0.0%
github.com/fallofpheonix/PhoenixCore/proto/v1/fsm/fsm.pb.go:77:				Descriptor					0.0%
github.com/fallofpheonix/PhoenixCore/proto/v1/fsm/fsm.pb.go:81:				Type						0.0%
github.com/fallofpheonix/PhoenixCore/proto/v1/fsm/fsm.pb.go:85:				Number						0.0%
github.com/fallofpheonix/PhoenixCore/proto/v1/fsm/fsm.pb.go:90:				EnumDescriptor					0.0%
github.com/fallofpheonix/PhoenixCore/proto/v1/fsm/fsm.pb.go:104:			Reset						0.0%
github.com/fallofpheonix/PhoenixCore/proto/v1/fsm/fsm.pb.go:111:			String						0.0%
github.com/fallofpheonix/PhoenixCore/proto/v1/fsm/fsm.pb.go:115:			ProtoMessage					0.0%
github.com/fallofpheonix/PhoenixCore/proto/v1/fsm/fsm.pb.go:117:			ProtoReflect					0.0%
github.com/fallofpheonix/PhoenixCore/proto/v1/fsm/fsm.pb.go:130:			Descriptor					0.0%
github.com/fallofpheonix/PhoenixCore/proto/v1/fsm/fsm.pb.go:134:			GetCurrentState					0.0%
github.com/fallofpheonix/PhoenixCore/proto/v1/fsm/fsm.pb.go:141:			GetLocked					0.0%
github.com/fallofpheonix/PhoenixCore/proto/v1/fsm/fsm.pb.go:148:			GetLastTransitionNs				0.0%
github.com/fallofpheonix/PhoenixCore/proto/v1/fsm/fsm.pb.go:164:			Reset						0.0%
github.com/fallofpheonix/PhoenixCore/proto/v1/fsm/fsm.pb.go:171:			String						0.0%
github.com/fallofpheonix/PhoenixCore/proto/v1/fsm/fsm.pb.go:175:			ProtoMessage					0.0%
github.com/fallofpheonix/PhoenixCore/proto/v1/fsm/fsm.pb.go:177:			ProtoReflect					0.0%
github.com/fallofpheonix/PhoenixCore/proto/v1/fsm/fsm.pb.go:190:			Descriptor					0.0%
github.com/fallofpheonix/PhoenixCore/proto/v1/fsm/fsm.pb.go:194:			GetActiveNodes					0.0%
github.com/fallofpheonix/PhoenixCore/proto/v1/fsm/fsm.pb.go:201:			GetQuorumWeightRaw				0.0%
github.com/fallofpheonix/PhoenixCore/proto/v1/fsm/fsm.pb.go:223:			Reset						0.0%
github.com/fallofpheonix/PhoenixCore/proto/v1/fsm/fsm.pb.go:230:			String						0.0%
github.com/fallofpheonix/PhoenixCore/proto/v1/fsm/fsm.pb.go:234:			ProtoMessage					0.0%
github.com/fallofpheonix/PhoenixCore/proto/v1/fsm/fsm.pb.go:236:			ProtoReflect					0.0%
github.com/fallofpheonix/PhoenixCore/proto/v1/fsm/fsm.pb.go:249:			Descriptor					0.0%
github.com/fallofpheonix/PhoenixCore/proto/v1/fsm/fsm.pb.go:253:			GetWarden					0.0%
github.com/fallofpheonix/PhoenixCore/proto/v1/fsm/fsm.pb.go:260:			GetConsensus					0.0%
github.com/fallofpheonix/PhoenixCore/proto/v1/fsm/fsm.pb.go:267:			GetPreStateHash					0.0%
github.com/fallofpheonix/PhoenixCore/proto/v1/fsm/fsm.pb.go:274:			GetPostStateHash				0.0%
github.com/fallofpheonix/PhoenixCore/proto/v1/fsm/fsm.pb.go:281:			GetReplaySequence				0.0%
github.com/fallofpheonix/PhoenixCore/proto/v1/fsm/fsm.pb.go:288:			GetValidationHash				0.0%
github.com/fallofpheonix/PhoenixCore/proto/v1/fsm/fsm.pb.go:327:			file_proto_v1_fsm_fsm_proto_rawDescGZIP		0.0%
github.com/fallofpheonix/PhoenixCore/proto/v1/fsm/fsm.pb.go:353:			init						0.0%
github.com/fallofpheonix/PhoenixCore/proto/v1/fsm/fsm.pb.go:354:			file_proto_v1_fsm_fsm_proto_init		0.0%
github.com/fallofpheonix/PhoenixCore/proto/v1/ledger/ledger.pb.go:59:			Reset						0.0%
github.com/fallofpheonix/PhoenixCore/proto/v1/ledger/ledger.pb.go:66:			String						0.0%
github.com/fallofpheonix/PhoenixCore/proto/v1/ledger/ledger.pb.go:70:			ProtoMessage					0.0%
github.com/fallofpheonix/PhoenixCore/proto/v1/ledger/ledger.pb.go:72:			ProtoReflect					0.0%
github.com/fallofpheonix/PhoenixCore/proto/v1/ledger/ledger.pb.go:85:			Descriptor					0.0%
github.com/fallofpheonix/PhoenixCore/proto/v1/ledger/ledger.pb.go:89:			GetEvidenceId					0.0%
github.com/fallofpheonix/PhoenixCore/proto/v1/ledger/ledger.pb.go:96:			GetSourceRef					0.0%
github.com/fallofpheonix/PhoenixCore/proto/v1/ledger/ledger.pb.go:103:			GetEvidenceHash					0.0%
github.com/fallofpheonix/PhoenixCore/proto/v1/ledger/ledger.pb.go:110:			GetSourceRepo					0.0%
github.com/fallofpheonix/PhoenixCore/proto/v1/ledger/ledger.pb.go:117:			GetSourceComponent				0.0%
github.com/fallofpheonix/PhoenixCore/proto/v1/ledger/ledger.pb.go:124:			GetTimestamp					0.0%
github.com/fallofpheonix/PhoenixCore/proto/v1/ledger/ledger.pb.go:131:			GetTrustScore					0.0%
github.com/fallofpheonix/PhoenixCore/proto/v1/ledger/ledger.pb.go:138:			GetSignature					0.0%
github.com/fallofpheonix/PhoenixCore/proto/v1/ledger/ledger.pb.go:145:			GetLineageRef					0.0%
github.com/fallofpheonix/PhoenixCore/proto/v1/ledger/ledger.pb.go:152:			GetSchemaVersion				0.0%
github.com/fallofpheonix/PhoenixCore/proto/v1/ledger/ledger.pb.go:159:			GetCreatedAt					0.0%
github.com/fallofpheonix/PhoenixCore/proto/v1/ledger/ledger.pb.go:166:			GetUpdatedAt					0.0%
github.com/fallofpheonix/PhoenixCore/proto/v1/ledger/ledger.pb.go:173:			GetReplaySequence				0.0%
github.com/fallofpheonix/PhoenixCore/proto/v1/ledger/ledger.pb.go:180:			GetValidationHash				0.0%
github.com/fallofpheonix/PhoenixCore/proto/v1/ledger/ledger.pb.go:209:			Reset						0.0%
github.com/fallofpheonix/PhoenixCore/proto/v1/ledger/ledger.pb.go:216:			String						0.0%
github.com/fallofpheonix/PhoenixCore/proto/v1/ledger/ledger.pb.go:220:			ProtoMessage					0.0%
github.com/fallofpheonix/PhoenixCore/proto/v1/ledger/ledger.pb.go:222:			ProtoReflect					0.0%
github.com/fallofpheonix/PhoenixCore/proto/v1/ledger/ledger.pb.go:235:			Descriptor					0.0%
github.com/fallofpheonix/PhoenixCore/proto/v1/ledger/ledger.pb.go:239:			GetProofId					0.0%
github.com/fallofpheonix/PhoenixCore/proto/v1/ledger/ledger.pb.go:246:			GetFromState					0.0%
github.com/fallofpheonix/PhoenixCore/proto/v1/ledger/ledger.pb.go:253:			GetToState					0.0%
github.com/fallofpheonix/PhoenixCore/proto/v1/ledger/ledger.pb.go:260:			GetPreimageHash					0.0%
github.com/fallofpheonix/PhoenixCore/proto/v1/ledger/ledger.pb.go:267:			GetValidatorSet					0.0%
github.com/fallofpheonix/PhoenixCore/proto/v1/ledger/ledger.pb.go:274:			GetReplayMarker					0.0%
github.com/fallofpheonix/PhoenixCore/proto/v1/ledger/ledger.pb.go:281:			GetSignature					0.0%
github.com/fallofpheonix/PhoenixCore/proto/v1/ledger/ledger.pb.go:288:			GetSchemaVersion				0.0%
github.com/fallofpheonix/PhoenixCore/proto/v1/ledger/ledger.pb.go:295:			GetCreatedAt					0.0%
github.com/fallofpheonix/PhoenixCore/proto/v1/ledger/ledger.pb.go:302:			GetUpdatedAt					0.0%
github.com/fallofpheonix/PhoenixCore/proto/v1/ledger/ledger.pb.go:309:			GetSourceRepo					0.0%
github.com/fallofpheonix/PhoenixCore/proto/v1/ledger/ledger.pb.go:316:			GetReplaySequence				0.0%
github.com/fallofpheonix/PhoenixCore/proto/v1/ledger/ledger.pb.go:323:			GetValidationHash				0.0%
github.com/fallofpheonix/PhoenixCore/proto/v1/ledger/ledger.pb.go:352:			Reset						0.0%
github.com/fallofpheonix/PhoenixCore/proto/v1/ledger/ledger.pb.go:359:			String						0.0%
github.com/fallofpheonix/PhoenixCore/proto/v1/ledger/ledger.pb.go:363:			ProtoMessage					0.0%
github.com/fallofpheonix/PhoenixCore/proto/v1/ledger/ledger.pb.go:365:			ProtoReflect					0.0%
github.com/fallofpheonix/PhoenixCore/proto/v1/ledger/ledger.pb.go:378:			Descriptor					0.0%
github.com/fallofpheonix/PhoenixCore/proto/v1/ledger/ledger.pb.go:382:			GetEntryId					0.0%
github.com/fallofpheonix/PhoenixCore/proto/v1/ledger/ledger.pb.go:389:			GetEvidenceRecord				0.0%
github.com/fallofpheonix/PhoenixCore/proto/v1/ledger/ledger.pb.go:396:			GetStateBefore					0.0%
github.com/fallofpheonix/PhoenixCore/proto/v1/ledger/ledger.pb.go:403:			GetStateAfter					0.0%
github.com/fallofpheonix/PhoenixCore/proto/v1/ledger/ledger.pb.go:410:			GetTransitionProof				0.0%
github.com/fallofpheonix/PhoenixCore/proto/v1/ledger/ledger.pb.go:417:			GetReplaySequence				0.0%
github.com/fallofpheonix/PhoenixCore/proto/v1/ledger/ledger.pb.go:424:			GetCheckpointId					0.0%
github.com/fallofpheonix/PhoenixCore/proto/v1/ledger/ledger.pb.go:431:			GetSignature					0.0%
github.com/fallofpheonix/PhoenixCore/proto/v1/ledger/ledger.pb.go:438:			GetSchemaVersion				0.0%
github.com/fallofpheonix/PhoenixCore/proto/v1/ledger/ledger.pb.go:445:			GetCreatedAt					0.0%
github.com/fallofpheonix/PhoenixCore/proto/v1/ledger/ledger.pb.go:452:			GetUpdatedAt					0.0%
github.com/fallofpheonix/PhoenixCore/proto/v1/ledger/ledger.pb.go:459:			GetSourceRepo					0.0%
github.com/fallofpheonix/PhoenixCore/proto/v1/ledger/ledger.pb.go:466:			GetValidationHash				0.0%
github.com/fallofpheonix/PhoenixCore/proto/v1/ledger/ledger.pb.go:495:			Reset						0.0%
github.com/fallofpheonix/PhoenixCore/proto/v1/ledger/ledger.pb.go:502:			String						0.0%
github.com/fallofpheonix/PhoenixCore/proto/v1/ledger/ledger.pb.go:506:			ProtoMessage					0.0%
github.com/fallofpheonix/PhoenixCore/proto/v1/ledger/ledger.pb.go:508:			ProtoReflect					0.0%
github.com/fallofpheonix/PhoenixCore/proto/v1/ledger/ledger.pb.go:521:			Descriptor					0.0%
github.com/fallofpheonix/PhoenixCore/proto/v1/ledger/ledger.pb.go:525:			GetVerificationId				0.0%
github.com/fallofpheonix/PhoenixCore/proto/v1/ledger/ledger.pb.go:532:			GetLedgerEntryId				0.0%
github.com/fallofpheonix/PhoenixCore/proto/v1/ledger/ledger.pb.go:539:			GetStatus					0.0%
github.com/fallofpheonix/PhoenixCore/proto/v1/ledger/ledger.pb.go:546:			GetTamperDetected				0.0%
github.com/fallofpheonix/PhoenixCore/proto/v1/ledger/ledger.pb.go:553:			GetChecksum					0.0%
github.com/fallofpheonix/PhoenixCore/proto/v1/ledger/ledger.pb.go:560:			GetVerifier					0.0%
github.com/fallofpheonix/PhoenixCore/proto/v1/ledger/ledger.pb.go:567:			GetSignature					0.0%
github.com/fallofpheonix/PhoenixCore/proto/v1/ledger/ledger.pb.go:574:			GetSchemaVersion				0.0%
github.com/fallofpheonix/PhoenixCore/proto/v1/ledger/ledger.pb.go:581:			GetCreatedAt					0.0%
github.com/fallofpheonix/PhoenixCore/proto/v1/ledger/ledger.pb.go:588:			GetUpdatedAt					0.0%
github.com/fallofpheonix/PhoenixCore/proto/v1/ledger/ledger.pb.go:595:			GetSourceRepo					0.0%
github.com/fallofpheonix/PhoenixCore/proto/v1/ledger/ledger.pb.go:602:			GetReplaySequence				0.0%
github.com/fallofpheonix/PhoenixCore/proto/v1/ledger/ledger.pb.go:609:			GetValidationHash				0.0%
github.com/fallofpheonix/PhoenixCore/proto/v1/ledger/ledger.pb.go:637:			Reset						0.0%
github.com/fallofpheonix/PhoenixCore/proto/v1/ledger/ledger.pb.go:644:			String						0.0%
github.com/fallofpheonix/PhoenixCore/proto/v1/ledger/ledger.pb.go:648:			ProtoMessage					0.0%
github.com/fallofpheonix/PhoenixCore/proto/v1/ledger/ledger.pb.go:650:			ProtoReflect					0.0%
github.com/fallofpheonix/PhoenixCore/proto/v1/ledger/ledger.pb.go:663:			Descriptor					0.0%
github.com/fallofpheonix/PhoenixCore/proto/v1/ledger/ledger.pb.go:667:			GetCheckpointId					0.0%
github.com/fallofpheonix/PhoenixCore/proto/v1/ledger/ledger.pb.go:674:			GetLastEntryId					0.0%
github.com/fallofpheonix/PhoenixCore/proto/v1/ledger/ledger.pb.go:681:			GetCumulativeHash				0.0%
github.com/fallofpheonix/PhoenixCore/proto/v1/ledger/ledger.pb.go:688:			GetValidatorQuorum				0.0%
github.com/fallofpheonix/PhoenixCore/proto/v1/ledger/ledger.pb.go:695:			GetTimestamp					0.0%
github.com/fallofpheonix/PhoenixCore/proto/v1/ledger/ledger.pb.go:702:			GetSignature					0.0%
github.com/fallofpheonix/PhoenixCore/proto/v1/ledger/ledger.pb.go:709:			GetSchemaVersion				0.0%
github.com/fallofpheonix/PhoenixCore/proto/v1/ledger/ledger.pb.go:716:			GetCreatedAt					0.0%
github.com/fallofpheonix/PhoenixCore/proto/v1/ledger/ledger.pb.go:723:			GetUpdatedAt					0.0%
github.com/fallofpheonix/PhoenixCore/proto/v1/ledger/ledger.pb.go:730:			GetSourceRepo					0.0%
github.com/fallofpheonix/PhoenixCore/proto/v1/ledger/ledger.pb.go:737:			GetReplaySequence				0.0%
github.com/fallofpheonix/PhoenixCore/proto/v1/ledger/ledger.pb.go:744:			GetValidationHash				0.0%
github.com/fallofpheonix/PhoenixCore/proto/v1/ledger/ledger.pb.go:858:			file_proto_v1_ledger_proto_rawDescGZIP		0.0%
github.com/fallofpheonix/PhoenixCore/proto/v1/ledger/ledger.pb.go:896:			init						0.0%
github.com/fallofpheonix/PhoenixCore/proto/v1/ledger/ledger.pb.go:897:			file_proto_v1_ledger_proto_init			0.0%
github.com/fallofpheonix/PhoenixCore/proto/v1/memory/memory.pb.go:56:			Reset						0.0%
github.com/fallofpheonix/PhoenixCore/proto/v1/memory/memory.pb.go:63:			String						0.0%
github.com/fallofpheonix/PhoenixCore/proto/v1/memory/memory.pb.go:67:			ProtoMessage					0.0%
github.com/fallofpheonix/PhoenixCore/proto/v1/memory/memory.pb.go:69:			ProtoReflect					0.0%
github.com/fallofpheonix/PhoenixCore/proto/v1/memory/memory.pb.go:82:			Descriptor					0.0%
github.com/fallofpheonix/PhoenixCore/proto/v1/memory/memory.pb.go:86:			GetRecordId					0.0%
github.com/fallofpheonix/PhoenixCore/proto/v1/memory/memory.pb.go:93:			GetMemoryType					0.0%
github.com/fallofpheonix/PhoenixCore/proto/v1/memory/memory.pb.go:100:			GetSourceEvent					0.0%
github.com/fallofpheonix/PhoenixCore/proto/v1/memory/memory.pb.go:107:			GetContentHash					0.0%
github.com/fallofpheonix/PhoenixCore/proto/v1/memory/memory.pb.go:114:			GetTrustScore					0.0%
github.com/fallofpheonix/PhoenixCore/proto/v1/memory/memory.pb.go:121:			GetRetention					0.0%
github.com/fallofpheonix/PhoenixCore/proto/v1/memory/memory.pb.go:128:			GetSchemaVersion				0.0%
github.com/fallofpheonix/PhoenixCore/proto/v1/memory/memory.pb.go:135:			GetCreatedAt					0.0%
github.com/fallofpheonix/PhoenixCore/proto/v1/memory/memory.pb.go:142:			GetUpdatedAt					0.0%
github.com/fallofpheonix/PhoenixCore/proto/v1/memory/memory.pb.go:149:			GetSourceRepo					0.0%
github.com/fallofpheonix/PhoenixCore/proto/v1/memory/memory.pb.go:156:			GetReplaySequence				0.0%
github.com/fallofpheonix/PhoenixCore/proto/v1/memory/memory.pb.go:163:			GetValidationHash				0.0%
github.com/fallofpheonix/PhoenixCore/proto/v1/memory/memory.pb.go:189:			Reset						0.0%
github.com/fallofpheonix/PhoenixCore/proto/v1/memory/memory.pb.go:196:			String						0.0%
github.com/fallofpheonix/PhoenixCore/proto/v1/memory/memory.pb.go:200:			ProtoMessage					0.0%
github.com/fallofpheonix/PhoenixCore/proto/v1/memory/memory.pb.go:202:			ProtoReflect					0.0%
github.com/fallofpheonix/PhoenixCore/proto/v1/memory/memory.pb.go:215:			Descriptor					0.0%
github.com/fallofpheonix/PhoenixCore/proto/v1/memory/memory.pb.go:219:			GetChunkId					0.0%
github.com/fallofpheonix/PhoenixCore/proto/v1/memory/memory.pb.go:226:			GetRecordId					0.0%
github.com/fallofpheonix/PhoenixCore/proto/v1/memory/memory.pb.go:233:			GetSequence					0.0%
github.com/fallofpheonix/PhoenixCore/proto/v1/memory/memory.pb.go:240:			GetSemanticVectorHash				0.0%
github.com/fallofpheonix/PhoenixCore/proto/v1/memory/memory.pb.go:247:			GetChecksum					0.0%
github.com/fallofpheonix/PhoenixCore/proto/v1/memory/memory.pb.go:254:			GetSchemaVersion				0.0%
github.com/fallofpheonix/PhoenixCore/proto/v1/memory/memory.pb.go:261:			GetCreatedAt					0.0%
github.com/fallofpheonix/PhoenixCore/proto/v1/memory/memory.pb.go:268:			GetUpdatedAt					0.0%
github.com/fallofpheonix/PhoenixCore/proto/v1/memory/memory.pb.go:275:			GetSourceRepo					0.0%
github.com/fallofpheonix/PhoenixCore/proto/v1/memory/memory.pb.go:282:			GetReplaySequence				0.0%
github.com/fallofpheonix/PhoenixCore/proto/v1/memory/memory.pb.go:289:			GetValidationHash				0.0%
github.com/fallofpheonix/PhoenixCore/proto/v1/memory/memory.pb.go:315:			Reset						0.0%
github.com/fallofpheonix/PhoenixCore/proto/v1/memory/memory.pb.go:322:			String						0.0%
github.com/fallofpheonix/PhoenixCore/proto/v1/memory/memory.pb.go:326:			ProtoMessage					0.0%
github.com/fallofpheonix/PhoenixCore/proto/v1/memory/memory.pb.go:328:			ProtoReflect					0.0%
github.com/fallofpheonix/PhoenixCore/proto/v1/memory/memory.pb.go:341:			Descriptor					0.0%
github.com/fallofpheonix/PhoenixCore/proto/v1/memory/memory.pb.go:345:			GetLinkId					0.0%
github.com/fallofpheonix/PhoenixCore/proto/v1/memory/memory.pb.go:352:			GetFromRecord					0.0%
github.com/fallofpheonix/PhoenixCore/proto/v1/memory/memory.pb.go:359:			GetToRecord					0.0%
github.com/fallofpheonix/PhoenixCore/proto/v1/memory/memory.pb.go:366:			GetRelation					0.0%
github.com/fallofpheonix/PhoenixCore/proto/v1/memory/memory.pb.go:373:			GetConfidence					0.0%
github.com/fallofpheonix/PhoenixCore/proto/v1/memory/memory.pb.go:380:			GetSchemaVersion				0.0%
github.com/fallofpheonix/PhoenixCore/proto/v1/memory/memory.pb.go:387:			GetCreatedAt					0.0%
github.com/fallofpheonix/PhoenixCore/proto/v1/memory/memory.pb.go:394:			GetUpdatedAt					0.0%
github.com/fallofpheonix/PhoenixCore/proto/v1/memory/memory.pb.go:401:			GetSourceRepo					0.0%
github.com/fallofpheonix/PhoenixCore/proto/v1/memory/memory.pb.go:408:			GetReplaySequence				0.0%
github.com/fallofpheonix/PhoenixCore/proto/v1/memory/memory.pb.go:415:			GetValidationHash				0.0%
github.com/fallofpheonix/PhoenixCore/proto/v1/memory/memory.pb.go:441:			Reset						0.0%
github.com/fallofpheonix/PhoenixCore/proto/v1/memory/memory.pb.go:448:			String						0.0%
github.com/fallofpheonix/PhoenixCore/proto/v1/memory/memory.pb.go:452:			ProtoMessage					0.0%
github.com/fallofpheonix/PhoenixCore/proto/v1/memory/memory.pb.go:454:			ProtoReflect					0.0%
github.com/fallofpheonix/PhoenixCore/proto/v1/memory/memory.pb.go:467:			Descriptor					0.0%
github.com/fallofpheonix/PhoenixCore/proto/v1/memory/memory.pb.go:471:			GetGraphId					0.0%
github.com/fallofpheonix/PhoenixCore/proto/v1/memory/memory.pb.go:478:			GetNodes					0.0%
github.com/fallofpheonix/PhoenixCore/proto/v1/memory/memory.pb.go:485:			GetLinks					0.0%
github.com/fallofpheonix/PhoenixCore/proto/v1/memory/memory.pb.go:492:			GetLineage					0.0%
github.com/fallofpheonix/PhoenixCore/proto/v1/memory/memory.pb.go:499:			GetSnapshotId					0.0%
github.com/fallofpheonix/PhoenixCore/proto/v1/memory/memory.pb.go:506:			GetSchemaVersion				0.0%
github.com/fallofpheonix/PhoenixCore/proto/v1/memory/memory.pb.go:513:			GetCreatedAt					0.0%
github.com/fallofpheonix/PhoenixCore/proto/v1/memory/memory.pb.go:520:			GetUpdatedAt					0.0%
github.com/fallofpheonix/PhoenixCore/proto/v1/memory/memory.pb.go:527:			GetSourceRepo					0.0%
github.com/fallofpheonix/PhoenixCore/proto/v1/memory/memory.pb.go:534:			GetReplaySequence				0.0%
github.com/fallofpheonix/PhoenixCore/proto/v1/memory/memory.pb.go:541:			GetValidationHash				0.0%
github.com/fallofpheonix/PhoenixCore/proto/v1/memory/memory.pb.go:568:			Reset						0.0%
github.com/fallofpheonix/PhoenixCore/proto/v1/memory/memory.pb.go:575:			String						0.0%
github.com/fallofpheonix/PhoenixCore/proto/v1/memory/memory.pb.go:579:			ProtoMessage					0.0%
github.com/fallofpheonix/PhoenixCore/proto/v1/memory/memory.pb.go:581:			ProtoReflect					0.0%
github.com/fallofpheonix/PhoenixCore/proto/v1/memory/memory.pb.go:594:			Descriptor					0.0%
github.com/fallofpheonix/PhoenixCore/proto/v1/memory/memory.pb.go:598:			GetRetrievalId					0.0%
github.com/fallofpheonix/PhoenixCore/proto/v1/memory/memory.pb.go:605:			GetQueryHash					0.0%
github.com/fallofpheonix/PhoenixCore/proto/v1/memory/memory.pb.go:612:			GetMatches					0.0%
github.com/fallofpheonix/PhoenixCore/proto/v1/memory/memory.pb.go:619:			GetRanking					0.0%
github.com/fallofpheonix/PhoenixCore/proto/v1/memory/memory.pb.go:626:			GetProvenance					0.0%
github.com/fallofpheonix/PhoenixCore/proto/v1/memory/memory.pb.go:633:			GetChecksum					0.0%
github.com/fallofpheonix/PhoenixCore/proto/v1/memory/memory.pb.go:640:			GetSchemaVersion				0.0%
github.com/fallofpheonix/PhoenixCore/proto/v1/memory/memory.pb.go:647:			GetCreatedAt					0.0%
github.com/fallofpheonix/PhoenixCore/proto/v1/memory/memory.pb.go:654:			GetUpdatedAt					0.0%
github.com/fallofpheonix/PhoenixCore/proto/v1/memory/memory.pb.go:661:			GetSourceRepo					0.0%
github.com/fallofpheonix/PhoenixCore/proto/v1/memory/memory.pb.go:668:			GetReplaySequence				0.0%
github.com/fallofpheonix/PhoenixCore/proto/v1/memory/memory.pb.go:675:			GetValidationHash				0.0%
github.com/fallofpheonix/PhoenixCore/proto/v1/memory/memory.pb.go:701:			Reset						0.0%
github.com/fallofpheonix/PhoenixCore/proto/v1/memory/memory.pb.go:708:			String						0.0%
github.com/fallofpheonix/PhoenixCore/proto/v1/memory/memory.pb.go:712:			ProtoMessage					0.0%
github.com/fallofpheonix/PhoenixCore/proto/v1/memory/memory.pb.go:714:			ProtoReflect					0.0%
github.com/fallofpheonix/PhoenixCore/proto/v1/memory/memory.pb.go:727:			Descriptor					0.0%
github.com/fallofpheonix/PhoenixCore/proto/v1/memory/memory.pb.go:731:			GetSnapshotId					0.0%
github.com/fallofpheonix/PhoenixCore/proto/v1/memory/memory.pb.go:738:			GetEpoch					0.0%
github.com/fallofpheonix/PhoenixCore/proto/v1/memory/memory.pb.go:745:			GetRecords					0.0%
github.com/fallofpheonix/PhoenixCore/proto/v1/memory/memory.pb.go:752:			GetGraphRoot					0.0%
github.com/fallofpheonix/PhoenixCore/proto/v1/memory/memory.pb.go:759:			GetSignature					0.0%
github.com/fallofpheonix/PhoenixCore/proto/v1/memory/memory.pb.go:766:			GetSchemaVersion				0.0%
github.com/fallofpheonix/PhoenixCore/proto/v1/memory/memory.pb.go:773:			GetCreatedAt					0.0%
github.com/fallofpheonix/PhoenixCore/proto/v1/memory/memory.pb.go:780:			GetUpdatedAt					0.0%
github.com/fallofpheonix/PhoenixCore/proto/v1/memory/memory.pb.go:787:			GetSourceRepo					0.0%
github.com/fallofpheonix/PhoenixCore/proto/v1/memory/memory.pb.go:794:			GetReplaySequence				0.0%
github.com/fallofpheonix/PhoenixCore/proto/v1/memory/memory.pb.go:801:			GetValidationHash				0.0%
github.com/fallofpheonix/PhoenixCore/proto/v1/memory/memory.pb.go:928:			file_proto_v1_memory_proto_rawDescGZIP		0.0%
github.com/fallofpheonix/PhoenixCore/proto/v1/memory/memory.pb.go:968:			init						0.0%
github.com/fallofpheonix/PhoenixCore/proto/v1/memory/memory.pb.go:969:			file_proto_v1_memory_proto_init			0.0%
github.com/fallofpheonix/PhoenixCore/proto/v1/simulation/simulation.pb.go:55:		Reset						0.0%
github.com/fallofpheonix/PhoenixCore/proto/v1/simulation/simulation.pb.go:62:		String						0.0%
github.com/fallofpheonix/PhoenixCore/proto/v1/simulation/simulation.pb.go:66:		ProtoMessage					0.0%
github.com/fallofpheonix/PhoenixCore/proto/v1/simulation/simulation.pb.go:68:		ProtoReflect					0.0%
github.com/fallofpheonix/PhoenixCore/proto/v1/simulation/simulation.pb.go:81:		Descriptor					0.0%
github.com/fallofpheonix/PhoenixCore/proto/v1/simulation/simulation.pb.go:85:		GetAgentId					0.0%
github.com/fallofpheonix/PhoenixCore/proto/v1/simulation/simulation.pb.go:92:		GetRole						0.0%
github.com/fallofpheonix/PhoenixCore/proto/v1/simulation/simulation.pb.go:99:		GetCapabilities					0.0%
github.com/fallofpheonix/PhoenixCore/proto/v1/simulation/simulation.pb.go:106:		GetState					0.0%
github.com/fallofpheonix/PhoenixCore/proto/v1/simulation/simulation.pb.go:113:		GetConstraints					0.0%
github.com/fallofpheonix/PhoenixCore/proto/v1/simulation/simulation.pb.go:120:		GetSchemaVersion				0.0%
github.com/fallofpheonix/PhoenixCore/proto/v1/simulation/simulation.pb.go:127:		GetCreatedAt					0.0%
github.com/fallofpheonix/PhoenixCore/proto/v1/simulation/simulation.pb.go:134:		GetUpdatedAt					0.0%
github.com/fallofpheonix/PhoenixCore/proto/v1/simulation/simulation.pb.go:141:		GetSourceRepo					0.0%
github.com/fallofpheonix/PhoenixCore/proto/v1/simulation/simulation.pb.go:148:		GetReplaySequence				0.0%
github.com/fallofpheonix/PhoenixCore/proto/v1/simulation/simulation.pb.go:155:		GetValidationHash				0.0%
github.com/fallofpheonix/PhoenixCore/proto/v1/simulation/simulation.pb.go:182:		Reset						0.0%
github.com/fallofpheonix/PhoenixCore/proto/v1/simulation/simulation.pb.go:189:		String						0.0%
github.com/fallofpheonix/PhoenixCore/proto/v1/simulation/simulation.pb.go:193:		ProtoMessage					0.0%
github.com/fallofpheonix/PhoenixCore/proto/v1/simulation/simulation.pb.go:195:		ProtoReflect					0.0%
github.com/fallofpheonix/PhoenixCore/proto/v1/simulation/simulation.pb.go:208:		Descriptor					0.0%
github.com/fallofpheonix/PhoenixCore/proto/v1/simulation/simulation.pb.go:212:		GetMetricsId					0.0%
github.com/fallofpheonix/PhoenixCore/proto/v1/simulation/simulation.pb.go:219:		GetLatency					0.0%
github.com/fallofpheonix/PhoenixCore/proto/v1/simulation/simulation.pb.go:226:		GetDeterminismScore				0.0%
github.com/fallofpheonix/PhoenixCore/proto/v1/simulation/simulation.pb.go:233:		GetReproducibilityScore				0.0%
github.com/fallofpheonix/PhoenixCore/proto/v1/simulation/simulation.pb.go:240:		GetCoverage					0.0%
github.com/fallofpheonix/PhoenixCore/proto/v1/simulation/simulation.pb.go:247:		GetStability					0.0%
github.com/fallofpheonix/PhoenixCore/proto/v1/simulation/simulation.pb.go:254:		GetSchemaVersion				0.0%
github.com/fallofpheonix/PhoenixCore/proto/v1/simulation/simulation.pb.go:261:		GetCreatedAt					0.0%
github.com/fallofpheonix/PhoenixCore/proto/v1/simulation/simulation.pb.go:268:		GetUpdatedAt					0.0%
github.com/fallofpheonix/PhoenixCore/proto/v1/simulation/simulation.pb.go:275:		GetSourceRepo					0.0%
github.com/fallofpheonix/PhoenixCore/proto/v1/simulation/simulation.pb.go:282:		GetReplaySequence				0.0%
github.com/fallofpheonix/PhoenixCore/proto/v1/simulation/simulation.pb.go:289:		GetValidationHash				0.0%
github.com/fallofpheonix/PhoenixCore/proto/v1/simulation/simulation.pb.go:315:		Reset						0.0%
github.com/fallofpheonix/PhoenixCore/proto/v1/simulation/simulation.pb.go:322:		String						0.0%
github.com/fallofpheonix/PhoenixCore/proto/v1/simulation/simulation.pb.go:326:		ProtoMessage					0.0%
github.com/fallofpheonix/PhoenixCore/proto/v1/simulation/simulation.pb.go:328:		ProtoReflect					0.0%
github.com/fallofpheonix/PhoenixCore/proto/v1/simulation/simulation.pb.go:341:		Descriptor					0.0%
github.com/fallofpheonix/PhoenixCore/proto/v1/simulation/simulation.pb.go:345:		GetScenarioId					0.0%
github.com/fallofpheonix/PhoenixCore/proto/v1/simulation/simulation.pb.go:352:		GetSeed						0.0%
github.com/fallofpheonix/PhoenixCore/proto/v1/simulation/simulation.pb.go:359:		GetWorldConfig					0.0%
github.com/fallofpheonix/PhoenixCore/proto/v1/simulation/simulation.pb.go:366:		GetAgentSet					0.0%
github.com/fallofpheonix/PhoenixCore/proto/v1/simulation/simulation.pb.go:373:		GetExpectedOutcomes				0.0%
github.com/fallofpheonix/PhoenixCore/proto/v1/simulation/simulation.pb.go:380:		GetReplaySequence				0.0%
github.com/fallofpheonix/PhoenixCore/proto/v1/simulation/simulation.pb.go:387:		GetSchemaVersion				0.0%
github.com/fallofpheonix/PhoenixCore/proto/v1/simulation/simulation.pb.go:394:		GetCreatedAt					0.0%
github.com/fallofpheonix/PhoenixCore/proto/v1/simulation/simulation.pb.go:401:		GetUpdatedAt					0.0%
github.com/fallofpheonix/PhoenixCore/proto/v1/simulation/simulation.pb.go:408:		GetSourceRepo					0.0%
github.com/fallofpheonix/PhoenixCore/proto/v1/simulation/simulation.pb.go:415:		GetValidationHash				0.0%
github.com/fallofpheonix/PhoenixCore/proto/v1/simulation/simulation.pb.go:441:		Reset						0.0%
github.com/fallofpheonix/PhoenixCore/proto/v1/simulation/simulation.pb.go:448:		String						0.0%
github.com/fallofpheonix/PhoenixCore/proto/v1/simulation/simulation.pb.go:452:		ProtoMessage					0.0%
github.com/fallofpheonix/PhoenixCore/proto/v1/simulation/simulation.pb.go:454:		ProtoReflect					0.0%
github.com/fallofpheonix/PhoenixCore/proto/v1/simulation/simulation.pb.go:467:		Descriptor					0.0%
github.com/fallofpheonix/PhoenixCore/proto/v1/simulation/simulation.pb.go:471:		GetWorldId					0.0%
github.com/fallofpheonix/PhoenixCore/proto/v1/simulation/simulation.pb.go:478:		GetTopology					0.0%
github.com/fallofpheonix/PhoenixCore/proto/v1/simulation/simulation.pb.go:485:		GetRules					0.0%
github.com/fallofpheonix/PhoenixCore/proto/v1/simulation/simulation.pb.go:492:		GetInitialState					0.0%
github.com/fallofpheonix/PhoenixCore/proto/v1/simulation/simulation.pb.go:499:		GetDeterministicSeed				0.0%
github.com/fallofpheonix/PhoenixCore/proto/v1/simulation/simulation.pb.go:506:		GetSchemaVersion				0.0%
github.com/fallofpheonix/PhoenixCore/proto/v1/simulation/simulation.pb.go:513:		GetCreatedAt					0.0%
github.com/fallofpheonix/PhoenixCore/proto/v1/simulation/simulation.pb.go:520:		GetUpdatedAt					0.0%
github.com/fallofpheonix/PhoenixCore/proto/v1/simulation/simulation.pb.go:527:		GetSourceRepo					0.0%
github.com/fallofpheonix/PhoenixCore/proto/v1/simulation/simulation.pb.go:534:		GetReplaySequence				0.0%
github.com/fallofpheonix/PhoenixCore/proto/v1/simulation/simulation.pb.go:541:		GetValidationHash				0.0%
github.com/fallofpheonix/PhoenixCore/proto/v1/simulation/simulation.pb.go:568:		Reset						0.0%
github.com/fallofpheonix/PhoenixCore/proto/v1/simulation/simulation.pb.go:575:		String						0.0%
github.com/fallofpheonix/PhoenixCore/proto/v1/simulation/simulation.pb.go:579:		ProtoMessage					0.0%
github.com/fallofpheonix/PhoenixCore/proto/v1/simulation/simulation.pb.go:581:		ProtoReflect					0.0%
github.com/fallofpheonix/PhoenixCore/proto/v1/simulation/simulation.pb.go:594:		Descriptor					0.0%
github.com/fallofpheonix/PhoenixCore/proto/v1/simulation/simulation.pb.go:598:		GetSimEventId					0.0%
github.com/fallofpheonix/PhoenixCore/proto/v1/simulation/simulation.pb.go:605:		GetScenarioId					0.0%
github.com/fallofpheonix/PhoenixCore/proto/v1/simulation/simulation.pb.go:612:		GetStep						0.0%
github.com/fallofpheonix/PhoenixCore/proto/v1/simulation/simulation.pb.go:619:		GetActor					0.0%
github.com/fallofpheonix/PhoenixCore/proto/v1/simulation/simulation.pb.go:626:		GetStateDelta					0.0%
github.com/fallofpheonix/PhoenixCore/proto/v1/simulation/simulation.pb.go:633:		GetChecksum					0.0%
github.com/fallofpheonix/PhoenixCore/proto/v1/simulation/simulation.pb.go:640:		GetSchemaVersion				0.0%
github.com/fallofpheonix/PhoenixCore/proto/v1/simulation/simulation.pb.go:647:		GetCreatedAt					0.0%
github.com/fallofpheonix/PhoenixCore/proto/v1/simulation/simulation.pb.go:654:		GetUpdatedAt					0.0%
github.com/fallofpheonix/PhoenixCore/proto/v1/simulation/simulation.pb.go:661:		GetSourceRepo					0.0%
github.com/fallofpheonix/PhoenixCore/proto/v1/simulation/simulation.pb.go:668:		GetReplaySequence				0.0%
github.com/fallofpheonix/PhoenixCore/proto/v1/simulation/simulation.pb.go:675:		GetValidationHash				0.0%
github.com/fallofpheonix/PhoenixCore/proto/v1/simulation/simulation.pb.go:702:		Reset						0.0%
github.com/fallofpheonix/PhoenixCore/proto/v1/simulation/simulation.pb.go:709:		String						0.0%
github.com/fallofpheonix/PhoenixCore/proto/v1/simulation/simulation.pb.go:713:		ProtoMessage					0.0%
github.com/fallofpheonix/PhoenixCore/proto/v1/simulation/simulation.pb.go:715:		ProtoReflect					0.0%
github.com/fallofpheonix/PhoenixCore/proto/v1/simulation/simulation.pb.go:728:		Descriptor					0.0%
github.com/fallofpheonix/PhoenixCore/proto/v1/simulation/simulation.pb.go:732:		GetResultId					0.0%
github.com/fallofpheonix/PhoenixCore/proto/v1/simulation/simulation.pb.go:739:		GetScenarioId					0.0%
github.com/fallofpheonix/PhoenixCore/proto/v1/simulation/simulation.pb.go:746:		GetOutcome					0.0%
github.com/fallofpheonix/PhoenixCore/proto/v1/simulation/simulation.pb.go:753:		GetDivergence					0.0%
github.com/fallofpheonix/PhoenixCore/proto/v1/simulation/simulation.pb.go:760:		GetMetrics					0.0%
github.com/fallofpheonix/PhoenixCore/proto/v1/simulation/simulation.pb.go:767:		GetReplayMarker					0.0%
github.com/fallofpheonix/PhoenixCore/proto/v1/simulation/simulation.pb.go:774:		GetSchemaVersion				0.0%
github.com/fallofpheonix/PhoenixCore/proto/v1/simulation/simulation.pb.go:781:		GetCreatedAt					0.0%
github.com/fallofpheonix/PhoenixCore/proto/v1/simulation/simulation.pb.go:788:		GetUpdatedAt					0.0%
github.com/fallofpheonix/PhoenixCore/proto/v1/simulation/simulation.pb.go:795:		GetSourceRepo					0.0%
github.com/fallofpheonix/PhoenixCore/proto/v1/simulation/simulation.pb.go:802:		GetReplaySequence				0.0%
github.com/fallofpheonix/PhoenixCore/proto/v1/simulation/simulation.pb.go:809:		GetValidationHash				0.0%
github.com/fallofpheonix/PhoenixCore/proto/v1/simulation/simulation.pb.go:934:		file_proto_v1_simulation_proto_rawDescGZIP	0.0%
github.com/fallofpheonix/PhoenixCore/proto/v1/simulation/simulation.pb.go:973:		init						0.0%
github.com/fallofpheonix/PhoenixCore/proto/v1/simulation/simulation.pb.go:974:		file_proto_v1_simulation_proto_init		0.0%
github.com/fallofpheonix/PhoenixCore/proto/v1/trace/trace.pb.go:57:			Reset						0.0%
github.com/fallofpheonix/PhoenixCore/proto/v1/trace/trace.pb.go:64:			String						0.0%
github.com/fallofpheonix/PhoenixCore/proto/v1/trace/trace.pb.go:68:			ProtoMessage					0.0%
github.com/fallofpheonix/PhoenixCore/proto/v1/trace/trace.pb.go:70:			ProtoReflect					0.0%
github.com/fallofpheonix/PhoenixCore/proto/v1/trace/trace.pb.go:83:			Descriptor					0.0%
github.com/fallofpheonix/PhoenixCore/proto/v1/trace/trace.pb.go:87:			GetNodeId					0.0%
github.com/fallofpheonix/PhoenixCore/proto/v1/trace/trace.pb.go:94:			GetSourceEvent					0.0%
github.com/fallofpheonix/PhoenixCore/proto/v1/trace/trace.pb.go:101:			GetProcessLineage				0.0%
github.com/fallofpheonix/PhoenixCore/proto/v1/trace/trace.pb.go:108:			GetTelemetryRefs				0.0%
github.com/fallofpheonix/PhoenixCore/proto/v1/trace/trace.pb.go:115:			GetEvidenceRefs					0.0%
github.com/fallofpheonix/PhoenixCore/proto/v1/trace/trace.pb.go:122:			GetTimestamp					0.0%
github.com/fallofpheonix/PhoenixCore/proto/v1/trace/trace.pb.go:129:			GetTrust					0.0%
github.com/fallofpheonix/PhoenixCore/proto/v1/trace/trace.pb.go:136:			GetSchemaVersion				0.0%
github.com/fallofpheonix/PhoenixCore/proto/v1/trace/trace.pb.go:143:			GetCreatedAt					0.0%
github.com/fallofpheonix/PhoenixCore/proto/v1/trace/trace.pb.go:150:			GetUpdatedAt					0.0%
github.com/fallofpheonix/PhoenixCore/proto/v1/trace/trace.pb.go:157:			GetSourceRepo					0.0%
github.com/fallofpheonix/PhoenixCore/proto/v1/trace/trace.pb.go:164:			GetReplaySequence				0.0%
github.com/fallofpheonix/PhoenixCore/proto/v1/trace/trace.pb.go:171:			GetValidationHash				0.0%
github.com/fallofpheonix/PhoenixCore/proto/v1/trace/trace.pb.go:199:			Reset						0.0%
github.com/fallofpheonix/PhoenixCore/proto/v1/trace/trace.pb.go:206:			String						0.0%
github.com/fallofpheonix/PhoenixCore/proto/v1/trace/trace.pb.go:210:			ProtoMessage					0.0%
github.com/fallofpheonix/PhoenixCore/proto/v1/trace/trace.pb.go:212:			ProtoReflect					0.0%
github.com/fallofpheonix/PhoenixCore/proto/v1/trace/trace.pb.go:225:			Descriptor					0.0%
github.com/fallofpheonix/PhoenixCore/proto/v1/trace/trace.pb.go:229:			GetEdgeId					0.0%
github.com/fallofpheonix/PhoenixCore/proto/v1/trace/trace.pb.go:236:			GetFromNode					0.0%
github.com/fallofpheonix/PhoenixCore/proto/v1/trace/trace.pb.go:243:			GetToNode					0.0%
github.com/fallofpheonix/PhoenixCore/proto/v1/trace/trace.pb.go:250:			GetRelationType					0.0%
github.com/fallofpheonix/PhoenixCore/proto/v1/trace/trace.pb.go:257:			GetCausalStrength				0.0%
github.com/fallofpheonix/PhoenixCore/proto/v1/trace/trace.pb.go:264:			GetOrdering					0.0%
github.com/fallofpheonix/PhoenixCore/proto/v1/trace/trace.pb.go:271:			GetSchemaVersion				0.0%
github.com/fallofpheonix/PhoenixCore/proto/v1/trace/trace.pb.go:278:			GetCreatedAt					0.0%
github.com/fallofpheonix/PhoenixCore/proto/v1/trace/trace.pb.go:285:			GetUpdatedAt					0.0%
github.com/fallofpheonix/PhoenixCore/proto/v1/trace/trace.pb.go:292:			GetSourceRepo					0.0%
github.com/fallofpheonix/PhoenixCore/proto/v1/trace/trace.pb.go:299:			GetReplaySequence				0.0%
github.com/fallofpheonix/PhoenixCore/proto/v1/trace/trace.pb.go:306:			GetValidationHash				0.0%
github.com/fallofpheonix/PhoenixCore/proto/v1/trace/trace.pb.go:332:			Reset						0.0%
github.com/fallofpheonix/PhoenixCore/proto/v1/trace/trace.pb.go:339:			String						0.0%
github.com/fallofpheonix/PhoenixCore/proto/v1/trace/trace.pb.go:343:			ProtoMessage					0.0%
github.com/fallofpheonix/PhoenixCore/proto/v1/trace/trace.pb.go:345:			ProtoReflect					0.0%
github.com/fallofpheonix/PhoenixCore/proto/v1/trace/trace.pb.go:358:			Descriptor					0.0%
github.com/fallofpheonix/PhoenixCore/proto/v1/trace/trace.pb.go:362:			GetGraphId					0.0%
github.com/fallofpheonix/PhoenixCore/proto/v1/trace/trace.pb.go:369:			GetNodes					0.0%
github.com/fallofpheonix/PhoenixCore/proto/v1/trace/trace.pb.go:376:			GetEdges					0.0%
github.com/fallofpheonix/PhoenixCore/proto/v1/trace/trace.pb.go:383:			GetCheckpoint					0.0%
github.com/fallofpheonix/PhoenixCore/proto/v1/trace/trace.pb.go:390:			GetRoot						0.0%
github.com/fallofpheonix/PhoenixCore/proto/v1/trace/trace.pb.go:397:			GetSchemaVersion				0.0%
github.com/fallofpheonix/PhoenixCore/proto/v1/trace/trace.pb.go:404:			GetCreatedAt					0.0%
github.com/fallofpheonix/PhoenixCore/proto/v1/trace/trace.pb.go:411:			GetUpdatedAt					0.0%
github.com/fallofpheonix/PhoenixCore/proto/v1/trace/trace.pb.go:418:			GetSourceRepo					0.0%
github.com/fallofpheonix/PhoenixCore/proto/v1/trace/trace.pb.go:425:			GetReplaySequence				0.0%
github.com/fallofpheonix/PhoenixCore/proto/v1/trace/trace.pb.go:432:			GetValidationHash				0.0%
github.com/fallofpheonix/PhoenixCore/proto/v1/trace/trace.pb.go:457:			Reset						0.0%
github.com/fallofpheonix/PhoenixCore/proto/v1/trace/trace.pb.go:464:			String						0.0%
github.com/fallofpheonix/PhoenixCore/proto/v1/trace/trace.pb.go:468:			ProtoMessage					0.0%
github.com/fallofpheonix/PhoenixCore/proto/v1/trace/trace.pb.go:470:			ProtoReflect					0.0%
github.com/fallofpheonix/PhoenixCore/proto/v1/trace/trace.pb.go:483:			Descriptor					0.0%
github.com/fallofpheonix/PhoenixCore/proto/v1/trace/trace.pb.go:487:			GetChainId					0.0%
github.com/fallofpheonix/PhoenixCore/proto/v1/trace/trace.pb.go:494:			GetOrderedNodes					0.0%
github.com/fallofpheonix/PhoenixCore/proto/v1/trace/trace.pb.go:501:			GetParentLinks					0.0%
github.com/fallofpheonix/PhoenixCore/proto/v1/trace/trace.pb.go:508:			GetReplaySequence				0.0%
github.com/fallofpheonix/PhoenixCore/proto/v1/trace/trace.pb.go:515:			GetExplanation					0.0%
github.com/fallofpheonix/PhoenixCore/proto/v1/trace/trace.pb.go:522:			GetSchemaVersion				0.0%
github.com/fallofpheonix/PhoenixCore/proto/v1/trace/trace.pb.go:529:			GetCreatedAt					0.0%
github.com/fallofpheonix/PhoenixCore/proto/v1/trace/trace.pb.go:536:			GetUpdatedAt					0.0%
github.com/fallofpheonix/PhoenixCore/proto/v1/trace/trace.pb.go:543:			GetSourceRepo					0.0%
github.com/fallofpheonix/PhoenixCore/proto/v1/trace/trace.pb.go:550:			GetValidationHash				0.0%
github.com/fallofpheonix/PhoenixCore/proto/v1/trace/trace.pb.go:577:			Reset						0.0%
github.com/fallofpheonix/PhoenixCore/proto/v1/trace/trace.pb.go:584:			String						0.0%
github.com/fallofpheonix/PhoenixCore/proto/v1/trace/trace.pb.go:588:			ProtoMessage					0.0%
github.com/fallofpheonix/PhoenixCore/proto/v1/trace/trace.pb.go:590:			ProtoReflect					0.0%
github.com/fallofpheonix/PhoenixCore/proto/v1/trace/trace.pb.go:603:			Descriptor					0.0%
github.com/fallofpheonix/PhoenixCore/proto/v1/trace/trace.pb.go:607:			GetProcessId					0.0%
github.com/fallofpheonix/PhoenixCore/proto/v1/trace/trace.pb.go:614:			GetPid						0.0%
github.com/fallofpheonix/PhoenixCore/proto/v1/trace/trace.pb.go:621:			GetParentPid					0.0%
github.com/fallofpheonix/PhoenixCore/proto/v1/trace/trace.pb.go:628:			GetNodeLinks					0.0%
github.com/fallofpheonix/PhoenixCore/proto/v1/trace/trace.pb.go:635:			GetLifecycle					0.0%
github.com/fallofpheonix/PhoenixCore/proto/v1/trace/trace.pb.go:642:			GetHost						0.0%
github.com/fallofpheonix/PhoenixCore/proto/v1/trace/trace.pb.go:649:			GetSchemaVersion				0.0%
github.com/fallofpheonix/PhoenixCore/proto/v1/trace/trace.pb.go:656:			GetCreatedAt					0.0%
github.com/fallofpheonix/PhoenixCore/proto/v1/trace/trace.pb.go:663:			GetUpdatedAt					0.0%
github.com/fallofpheonix/PhoenixCore/proto/v1/trace/trace.pb.go:670:			GetSourceRepo					0.0%
github.com/fallofpheonix/PhoenixCore/proto/v1/trace/trace.pb.go:677:			GetReplaySequence				0.0%
github.com/fallofpheonix/PhoenixCore/proto/v1/trace/trace.pb.go:684:			GetValidationHash				0.0%
github.com/fallofpheonix/PhoenixCore/proto/v1/trace/trace.pb.go:710:			Reset						0.0%
github.com/fallofpheonix/PhoenixCore/proto/v1/trace/trace.pb.go:717:			String						0.0%
github.com/fallofpheonix/PhoenixCore/proto/v1/trace/trace.pb.go:721:			ProtoMessage					0.0%
github.com/fallofpheonix/PhoenixCore/proto/v1/trace/trace.pb.go:723:			ProtoReflect					0.0%
github.com/fallofpheonix/PhoenixCore/proto/v1/trace/trace.pb.go:736:			Descriptor					0.0%
github.com/fallofpheonix/PhoenixCore/proto/v1/trace/trace.pb.go:740:			GetLinkId					0.0%
github.com/fallofpheonix/PhoenixCore/proto/v1/trace/trace.pb.go:747:			GetEvidenceId					0.0%
github.com/fallofpheonix/PhoenixCore/proto/v1/trace/trace.pb.go:754:			GetTraceNodeId					0.0%
github.com/fallofpheonix/PhoenixCore/proto/v1/trace/trace.pb.go:761:			GetRelation					0.0%
github.com/fallofpheonix/PhoenixCore/proto/v1/trace/trace.pb.go:768:			GetHash						0.0%
github.com/fallofpheonix/PhoenixCore/proto/v1/trace/trace.pb.go:775:			GetSchemaVersion				0.0%
github.com/fallofpheonix/PhoenixCore/proto/v1/trace/trace.pb.go:782:			GetCreatedAt					0.0%
github.com/fallofpheonix/PhoenixCore/proto/v1/trace/trace.pb.go:789:			GetUpdatedAt					0.0%
github.com/fallofpheonix/PhoenixCore/proto/v1/trace/trace.pb.go:796:			GetSourceRepo					0.0%
github.com/fallofpheonix/PhoenixCore/proto/v1/trace/trace.pb.go:803:			GetReplaySequence				0.0%
github.com/fallofpheonix/PhoenixCore/proto/v1/trace/trace.pb.go:810:			GetValidationHash				0.0%
github.com/fallofpheonix/PhoenixCore/proto/v1/trace/trace.pb.go:933:			file_proto_v1_trace_proto_rawDescGZIP		0.0%
github.com/fallofpheonix/PhoenixCore/proto/v1/trace/trace.pb.go:973:			init						0.0%
github.com/fallofpheonix/PhoenixCore/proto/v1/trace/trace.pb.go:974:			file_proto_v1_trace_proto_init			0.0%
github.com/fallofpheonix/PhoenixCore/proto/v1/truth/truth.pb.go:56:			Reset						0.0%
github.com/fallofpheonix/PhoenixCore/proto/v1/truth/truth.pb.go:63:			String						0.0%
github.com/fallofpheonix/PhoenixCore/proto/v1/truth/truth.pb.go:67:			ProtoMessage					0.0%
github.com/fallofpheonix/PhoenixCore/proto/v1/truth/truth.pb.go:69:			ProtoReflect					0.0%
github.com/fallofpheonix/PhoenixCore/proto/v1/truth/truth.pb.go:82:			Descriptor					0.0%
github.com/fallofpheonix/PhoenixCore/proto/v1/truth/truth.pb.go:86:			GetEvidenceId					0.0%
github.com/fallofpheonix/PhoenixCore/proto/v1/truth/truth.pb.go:93:			GetEvidenceHash					0.0%
github.com/fallofpheonix/PhoenixCore/proto/v1/truth/truth.pb.go:100:			GetSource					0.0%
github.com/fallofpheonix/PhoenixCore/proto/v1/truth/truth.pb.go:107:			GetPayloadRef					0.0%
github.com/fallofpheonix/PhoenixCore/proto/v1/truth/truth.pb.go:114:			GetTimestamp					0.0%
github.com/fallofpheonix/PhoenixCore/proto/v1/truth/truth.pb.go:121:			GetTrustFloor					0.0%
github.com/fallofpheonix/PhoenixCore/proto/v1/truth/truth.pb.go:128:			GetSchemaVersion				0.0%
github.com/fallofpheonix/PhoenixCore/proto/v1/truth/truth.pb.go:135:			GetCreatedAt					0.0%
github.com/fallofpheonix/PhoenixCore/proto/v1/truth/truth.pb.go:142:			GetUpdatedAt					0.0%
github.com/fallofpheonix/PhoenixCore/proto/v1/truth/truth.pb.go:149:			GetSourceRepo					0.0%
github.com/fallofpheonix/PhoenixCore/proto/v1/truth/truth.pb.go:156:			GetReplaySequence				0.0%
github.com/fallofpheonix/PhoenixCore/proto/v1/truth/truth.pb.go:163:			GetValidationHash				0.0%
github.com/fallofpheonix/PhoenixCore/proto/v1/truth/truth.pb.go:190:			Reset						0.0%
github.com/fallofpheonix/PhoenixCore/proto/v1/truth/truth.pb.go:197:			String						0.0%
github.com/fallofpheonix/PhoenixCore/proto/v1/truth/truth.pb.go:201:			ProtoMessage					0.0%
github.com/fallofpheonix/PhoenixCore/proto/v1/truth/truth.pb.go:203:			ProtoReflect					0.0%
github.com/fallofpheonix/PhoenixCore/proto/v1/truth/truth.pb.go:216:			Descriptor					0.0%
github.com/fallofpheonix/PhoenixCore/proto/v1/truth/truth.pb.go:220:			GetSourceId					0.0%
github.com/fallofpheonix/PhoenixCore/proto/v1/truth/truth.pb.go:227:			GetRepo						0.0%
github.com/fallofpheonix/PhoenixCore/proto/v1/truth/truth.pb.go:234:			GetComponent					0.0%
github.com/fallofpheonix/PhoenixCore/proto/v1/truth/truth.pb.go:241:			GetAuthorityLevel				0.0%
github.com/fallofpheonix/PhoenixCore/proto/v1/truth/truth.pb.go:248:			GetSignatureKey					0.0%
github.com/fallofpheonix/PhoenixCore/proto/v1/truth/truth.pb.go:255:			GetRanking					0.0%
github.com/fallofpheonix/PhoenixCore/proto/v1/truth/truth.pb.go:262:			GetSchemaVersion				0.0%
github.com/fallofpheonix/PhoenixCore/proto/v1/truth/truth.pb.go:269:			GetCreatedAt					0.0%
github.com/fallofpheonix/PhoenixCore/proto/v1/truth/truth.pb.go:276:			GetUpdatedAt					0.0%
github.com/fallofpheonix/PhoenixCore/proto/v1/truth/truth.pb.go:283:			GetSourceRepo					0.0%
github.com/fallofpheonix/PhoenixCore/proto/v1/truth/truth.pb.go:290:			GetReplaySequence				0.0%
github.com/fallofpheonix/PhoenixCore/proto/v1/truth/truth.pb.go:297:			GetValidationHash				0.0%
github.com/fallofpheonix/PhoenixCore/proto/v1/truth/truth.pb.go:324:			Reset						0.0%
github.com/fallofpheonix/PhoenixCore/proto/v1/truth/truth.pb.go:331:			String						0.0%
github.com/fallofpheonix/PhoenixCore/proto/v1/truth/truth.pb.go:335:			ProtoMessage					0.0%
github.com/fallofpheonix/PhoenixCore/proto/v1/truth/truth.pb.go:337:			ProtoReflect					0.0%
github.com/fallofpheonix/PhoenixCore/proto/v1/truth/truth.pb.go:350:			Descriptor					0.0%
github.com/fallofpheonix/PhoenixCore/proto/v1/truth/truth.pb.go:354:			GetAssessmentId					0.0%
github.com/fallofpheonix/PhoenixCore/proto/v1/truth/truth.pb.go:361:			GetEvidenceIds					0.0%
github.com/fallofpheonix/PhoenixCore/proto/v1/truth/truth.pb.go:368:			GetConclusion					0.0%
github.com/fallofpheonix/PhoenixCore/proto/v1/truth/truth.pb.go:375:			GetConfidence					0.0%
github.com/fallofpheonix/PhoenixCore/proto/v1/truth/truth.pb.go:382:			GetContradictionRefs				0.0%
github.com/fallofpheonix/PhoenixCore/proto/v1/truth/truth.pb.go:389:			GetRationale					0.0%
github.com/fallofpheonix/PhoenixCore/proto/v1/truth/truth.pb.go:396:			GetSchemaVersion				0.0%
github.com/fallofpheonix/PhoenixCore/proto/v1/truth/truth.pb.go:403:			GetCreatedAt					0.0%
github.com/fallofpheonix/PhoenixCore/proto/v1/truth/truth.pb.go:410:			GetUpdatedAt					0.0%
github.com/fallofpheonix/PhoenixCore/proto/v1/truth/truth.pb.go:417:			GetSourceRepo					0.0%
github.com/fallofpheonix/PhoenixCore/proto/v1/truth/truth.pb.go:424:			GetReplaySequence				0.0%
github.com/fallofpheonix/PhoenixCore/proto/v1/truth/truth.pb.go:431:			GetValidationHash				0.0%
github.com/fallofpheonix/PhoenixCore/proto/v1/truth/truth.pb.go:458:			Reset						0.0%
github.com/fallofpheonix/PhoenixCore/proto/v1/truth/truth.pb.go:465:			String						0.0%
github.com/fallofpheonix/PhoenixCore/proto/v1/truth/truth.pb.go:469:			ProtoMessage					0.0%
github.com/fallofpheonix/PhoenixCore/proto/v1/truth/truth.pb.go:471:			ProtoReflect					0.0%
github.com/fallofpheonix/PhoenixCore/proto/v1/truth/truth.pb.go:484:			Descriptor					0.0%
github.com/fallofpheonix/PhoenixCore/proto/v1/truth/truth.pb.go:488:			GetConfidenceId					0.0%
github.com/fallofpheonix/PhoenixCore/proto/v1/truth/truth.pb.go:495:			GetScore					0.0%
github.com/fallofpheonix/PhoenixCore/proto/v1/truth/truth.pb.go:502:			GetWeights					0.0%
github.com/fallofpheonix/PhoenixCore/proto/v1/truth/truth.pb.go:509:			GetCalibration					0.0%
github.com/fallofpheonix/PhoenixCore/proto/v1/truth/truth.pb.go:516:			GetUncertainty					0.0%
github.com/fallofpheonix/PhoenixCore/proto/v1/truth/truth.pb.go:523:			GetExplanation					0.0%
github.com/fallofpheonix/PhoenixCore/proto/v1/truth/truth.pb.go:530:			GetSchemaVersion				0.0%
github.com/fallofpheonix/PhoenixCore/proto/v1/truth/truth.pb.go:537:			GetCreatedAt					0.0%
github.com/fallofpheonix/PhoenixCore/proto/v1/truth/truth.pb.go:544:			GetUpdatedAt					0.0%
github.com/fallofpheonix/PhoenixCore/proto/v1/truth/truth.pb.go:551:			GetSourceRepo					0.0%
github.com/fallofpheonix/PhoenixCore/proto/v1/truth/truth.pb.go:558:			GetReplaySequence				0.0%
github.com/fallofpheonix/PhoenixCore/proto/v1/truth/truth.pb.go:565:			GetValidationHash				0.0%
github.com/fallofpheonix/PhoenixCore/proto/v1/truth/truth.pb.go:592:			Reset						0.0%
github.com/fallofpheonix/PhoenixCore/proto/v1/truth/truth.pb.go:599:			String						0.0%
github.com/fallofpheonix/PhoenixCore/proto/v1/truth/truth.pb.go:603:			ProtoMessage					0.0%
github.com/fallofpheonix/PhoenixCore/proto/v1/truth/truth.pb.go:605:			ProtoReflect					0.0%
github.com/fallofpheonix/PhoenixCore/proto/v1/truth/truth.pb.go:618:			Descriptor					0.0%
github.com/fallofpheonix/PhoenixCore/proto/v1/truth/truth.pb.go:622:			GetContradictionId				0.0%
github.com/fallofpheonix/PhoenixCore/proto/v1/truth/truth.pb.go:629:			GetEvidenceA					0.0%
github.com/fallofpheonix/PhoenixCore/proto/v1/truth/truth.pb.go:636:			GetEvidenceB					0.0%
github.com/fallofpheonix/PhoenixCore/proto/v1/truth/truth.pb.go:643:			GetSeverity					0.0%
github.com/fallofpheonix/PhoenixCore/proto/v1/truth/truth.pb.go:650:			GetResolution					0.0%
github.com/fallofpheonix/PhoenixCore/proto/v1/truth/truth.pb.go:657:			GetDetector					0.0%
github.com/fallofpheonix/PhoenixCore/proto/v1/truth/truth.pb.go:664:			GetSchemaVersion				0.0%
github.com/fallofpheonix/PhoenixCore/proto/v1/truth/truth.pb.go:671:			GetCreatedAt					0.0%
github.com/fallofpheonix/PhoenixCore/proto/v1/truth/truth.pb.go:678:			GetUpdatedAt					0.0%
github.com/fallofpheonix/PhoenixCore/proto/v1/truth/truth.pb.go:685:			GetSourceRepo					0.0%
github.com/fallofpheonix/PhoenixCore/proto/v1/truth/truth.pb.go:692:			GetReplaySequence				0.0%
github.com/fallofpheonix/PhoenixCore/proto/v1/truth/truth.pb.go:699:			GetValidationHash				0.0%
github.com/fallofpheonix/PhoenixCore/proto/v1/truth/truth.pb.go:726:			Reset						0.0%
github.com/fallofpheonix/PhoenixCore/proto/v1/truth/truth.pb.go:733:			String						0.0%
github.com/fallofpheonix/PhoenixCore/proto/v1/truth/truth.pb.go:737:			ProtoMessage					0.0%
github.com/fallofpheonix/PhoenixCore/proto/v1/truth/truth.pb.go:739:			ProtoReflect					0.0%
github.com/fallofpheonix/PhoenixCore/proto/v1/truth/truth.pb.go:752:			Descriptor					0.0%
github.com/fallofpheonix/PhoenixCore/proto/v1/truth/truth.pb.go:756:			GetReportId					0.0%
github.com/fallofpheonix/PhoenixCore/proto/v1/truth/truth.pb.go:763:			GetAssessments					0.0%
github.com/fallofpheonix/PhoenixCore/proto/v1/truth/truth.pb.go:770:			GetContradictions				0.0%
github.com/fallofpheonix/PhoenixCore/proto/v1/truth/truth.pb.go:777:			GetConfidenceSummary				0.0%
github.com/fallofpheonix/PhoenixCore/proto/v1/truth/truth.pb.go:784:			GetSignature					0.0%
github.com/fallofpheonix/PhoenixCore/proto/v1/truth/truth.pb.go:791:			GetVersion					0.0%
github.com/fallofpheonix/PhoenixCore/proto/v1/truth/truth.pb.go:798:			GetSchemaVersion				0.0%
github.com/fallofpheonix/PhoenixCore/proto/v1/truth/truth.pb.go:805:			GetCreatedAt					0.0%
github.com/fallofpheonix/PhoenixCore/proto/v1/truth/truth.pb.go:812:			GetUpdatedAt					0.0%
github.com/fallofpheonix/PhoenixCore/proto/v1/truth/truth.pb.go:819:			GetSourceRepo					0.0%
github.com/fallofpheonix/PhoenixCore/proto/v1/truth/truth.pb.go:826:			GetReplaySequence				0.0%
github.com/fallofpheonix/PhoenixCore/proto/v1/truth/truth.pb.go:833:			GetValidationHash				0.0%
github.com/fallofpheonix/PhoenixCore/proto/v1/truth/truth.pb.go:964:			file_proto_v1_truth_proto_rawDescGZIP		0.0%
github.com/fallofpheonix/PhoenixCore/proto/v1/truth/truth.pb.go:1004:			init						0.0%
github.com/fallofpheonix/PhoenixCore/proto/v1/truth/truth.pb.go:1005:			file_proto_v1_truth_proto_init			0.0%
github.com/fallofpheonix/PhoenixCore/proto/v1/validation/validation.pb.go:55:		Reset						0.0%
github.com/fallofpheonix/PhoenixCore/proto/v1/validation/validation.pb.go:62:		String						0.0%
github.com/fallofpheonix/PhoenixCore/proto/v1/validation/validation.pb.go:66:		ProtoMessage					0.0%
github.com/fallofpheonix/PhoenixCore/proto/v1/validation/validation.pb.go:68:		ProtoReflect					0.0%
github.com/fallofpheonix/PhoenixCore/proto/v1/validation/validation.pb.go:81:		Descriptor					0.0%
github.com/fallofpheonix/PhoenixCore/proto/v1/validation/validation.pb.go:85:		GetScenarioId					0.0%
github.com/fallofpheonix/PhoenixCore/proto/v1/validation/validation.pb.go:92:		GetSeed						0.0%
github.com/fallofpheonix/PhoenixCore/proto/v1/validation/validation.pb.go:99:		GetInputs					0.0%
github.com/fallofpheonix/PhoenixCore/proto/v1/validation/validation.pb.go:106:		GetExpectedState				0.0%
github.com/fallofpheonix/PhoenixCore/proto/v1/validation/validation.pb.go:113:		GetInvariantSet					0.0%
github.com/fallofpheonix/PhoenixCore/proto/v1/validation/validation.pb.go:120:		GetReplaySequence				0.0%
github.com/fallofpheonix/PhoenixCore/proto/v1/validation/validation.pb.go:127:		GetSchemaVersion				0.0%
github.com/fallofpheonix/PhoenixCore/proto/v1/validation/validation.pb.go:134:		GetCreatedAt					0.0%
github.com/fallofpheonix/PhoenixCore/proto/v1/validation/validation.pb.go:141:		GetUpdatedAt					0.0%
github.com/fallofpheonix/PhoenixCore/proto/v1/validation/validation.pb.go:148:		GetSourceRepo					0.0%
github.com/fallofpheonix/PhoenixCore/proto/v1/validation/validation.pb.go:155:		GetValidationHash				0.0%
github.com/fallofpheonix/PhoenixCore/proto/v1/validation/validation.pb.go:182:		Reset						0.0%
github.com/fallofpheonix/PhoenixCore/proto/v1/validation/validation.pb.go:189:		String						0.0%
github.com/fallofpheonix/PhoenixCore/proto/v1/validation/validation.pb.go:193:		ProtoMessage					0.0%
github.com/fallofpheonix/PhoenixCore/proto/v1/validation/validation.pb.go:195:		ProtoReflect					0.0%
github.com/fallofpheonix/PhoenixCore/proto/v1/validation/validation.pb.go:208:		Descriptor					0.0%
github.com/fallofpheonix/PhoenixCore/proto/v1/validation/validation.pb.go:212:		GetArtifactId					0.0%
github.com/fallofpheonix/PhoenixCore/proto/v1/validation/validation.pb.go:219:		GetInputHash					0.0%
github.com/fallofpheonix/PhoenixCore/proto/v1/validation/validation.pb.go:226:		GetOutputHash					0.0%
github.com/fallofpheonix/PhoenixCore/proto/v1/validation/validation.pb.go:233:		GetLogs						0.0%
github.com/fallofpheonix/PhoenixCore/proto/v1/validation/validation.pb.go:240:		GetTraces					0.0%
github.com/fallofpheonix/PhoenixCore/proto/v1/validation/validation.pb.go:247:		GetTimestamp					0.0%
github.com/fallofpheonix/PhoenixCore/proto/v1/validation/validation.pb.go:254:		GetSchemaVersion				0.0%
github.com/fallofpheonix/PhoenixCore/proto/v1/validation/validation.pb.go:261:		GetCreatedAt					0.0%
github.com/fallofpheonix/PhoenixCore/proto/v1/validation/validation.pb.go:268:		GetUpdatedAt					0.0%
github.com/fallofpheonix/PhoenixCore/proto/v1/validation/validation.pb.go:275:		GetSourceRepo					0.0%
github.com/fallofpheonix/PhoenixCore/proto/v1/validation/validation.pb.go:282:		GetReplaySequence				0.0%
github.com/fallofpheonix/PhoenixCore/proto/v1/validation/validation.pb.go:289:		GetValidationHash				0.0%
github.com/fallofpheonix/PhoenixCore/proto/v1/validation/validation.pb.go:316:		Reset						0.0%
github.com/fallofpheonix/PhoenixCore/proto/v1/validation/validation.pb.go:323:		String						0.0%
github.com/fallofpheonix/PhoenixCore/proto/v1/validation/validation.pb.go:327:		ProtoMessage					0.0%
github.com/fallofpheonix/PhoenixCore/proto/v1/validation/validation.pb.go:329:		ProtoReflect					0.0%
github.com/fallofpheonix/PhoenixCore/proto/v1/validation/validation.pb.go:342:		Descriptor					0.0%
github.com/fallofpheonix/PhoenixCore/proto/v1/validation/validation.pb.go:346:		GetResultId					0.0%
github.com/fallofpheonix/PhoenixCore/proto/v1/validation/validation.pb.go:353:		GetScenarioId					0.0%
github.com/fallofpheonix/PhoenixCore/proto/v1/validation/validation.pb.go:360:		GetPassFail					0.0%
github.com/fallofpheonix/PhoenixCore/proto/v1/validation/validation.pb.go:367:		GetDivergence					0.0%
github.com/fallofpheonix/PhoenixCore/proto/v1/validation/validation.pb.go:374:		GetChecksum					0.0%
github.com/fallofpheonix/PhoenixCore/proto/v1/validation/validation.pb.go:381:		GetRemediation					0.0%
github.com/fallofpheonix/PhoenixCore/proto/v1/validation/validation.pb.go:388:		GetSchemaVersion				0.0%
github.com/fallofpheonix/PhoenixCore/proto/v1/validation/validation.pb.go:395:		GetCreatedAt					0.0%
github.com/fallofpheonix/PhoenixCore/proto/v1/validation/validation.pb.go:402:		GetUpdatedAt					0.0%
github.com/fallofpheonix/PhoenixCore/proto/v1/validation/validation.pb.go:409:		GetSourceRepo					0.0%
github.com/fallofpheonix/PhoenixCore/proto/v1/validation/validation.pb.go:416:		GetReplaySequence				0.0%
github.com/fallofpheonix/PhoenixCore/proto/v1/validation/validation.pb.go:423:		GetValidationHash				0.0%
github.com/fallofpheonix/PhoenixCore/proto/v1/validation/validation.pb.go:449:		Reset						0.0%
github.com/fallofpheonix/PhoenixCore/proto/v1/validation/validation.pb.go:456:		String						0.0%
github.com/fallofpheonix/PhoenixCore/proto/v1/validation/validation.pb.go:460:		ProtoMessage					0.0%
github.com/fallofpheonix/PhoenixCore/proto/v1/validation/validation.pb.go:462:		ProtoReflect					0.0%
github.com/fallofpheonix/PhoenixCore/proto/v1/validation/validation.pb.go:475:		Descriptor					0.0%
github.com/fallofpheonix/PhoenixCore/proto/v1/validation/validation.pb.go:479:		GetExperimentId					0.0%
github.com/fallofpheonix/PhoenixCore/proto/v1/validation/validation.pb.go:486:		GetScenario					0.0%
github.com/fallofpheonix/PhoenixCore/proto/v1/validation/validation.pb.go:493:		GetFaultInjections				0.0%
github.com/fallofpheonix/PhoenixCore/proto/v1/validation/validation.pb.go:500:		GetBounds					0.0%
github.com/fallofpheonix/PhoenixCore/proto/v1/validation/validation.pb.go:507:		GetRecoveryConditions				0.0%
github.com/fallofpheonix/PhoenixCore/proto/v1/validation/validation.pb.go:514:		GetSchemaVersion				0.0%
github.com/fallofpheonix/PhoenixCore/proto/v1/validation/validation.pb.go:521:		GetCreatedAt					0.0%
github.com/fallofpheonix/PhoenixCore/proto/v1/validation/validation.pb.go:528:		GetUpdatedAt					0.0%
github.com/fallofpheonix/PhoenixCore/proto/v1/validation/validation.pb.go:535:		GetSourceRepo					0.0%
github.com/fallofpheonix/PhoenixCore/proto/v1/validation/validation.pb.go:542:		GetReplaySequence				0.0%
github.com/fallofpheonix/PhoenixCore/proto/v1/validation/validation.pb.go:549:		GetValidationHash				0.0%
github.com/fallofpheonix/PhoenixCore/proto/v1/validation/validation.pb.go:575:		Reset						0.0%
github.com/fallofpheonix/PhoenixCore/proto/v1/validation/validation.pb.go:582:		String						0.0%
github.com/fallofpheonix/PhoenixCore/proto/v1/validation/validation.pb.go:586:		ProtoMessage					0.0%
github.com/fallofpheonix/PhoenixCore/proto/v1/validation/validation.pb.go:588:		ProtoReflect					0.0%
github.com/fallofpheonix/PhoenixCore/proto/v1/validation/validation.pb.go:601:		Descriptor					0.0%
github.com/fallofpheonix/PhoenixCore/proto/v1/validation/validation.pb.go:605:		GetInvariantId					0.0%
github.com/fallofpheonix/PhoenixCore/proto/v1/validation/validation.pb.go:612:		GetAssertion					0.0%
github.com/fallofpheonix/PhoenixCore/proto/v1/validation/validation.pb.go:619:		GetObserved					0.0%
github.com/fallofpheonix/PhoenixCore/proto/v1/validation/validation.pb.go:626:		GetPassFail					0.0%
github.com/fallofpheonix/PhoenixCore/proto/v1/validation/validation.pb.go:633:		GetEvidence					0.0%
github.com/fallofpheonix/PhoenixCore/proto/v1/validation/validation.pb.go:640:		GetSchemaVersion				0.0%
github.com/fallofpheonix/PhoenixCore/proto/v1/validation/validation.pb.go:647:		GetCreatedAt					0.0%
github.com/fallofpheonix/PhoenixCore/proto/v1/validation/validation.pb.go:654:		GetUpdatedAt					0.0%
github.com/fallofpheonix/PhoenixCore/proto/v1/validation/validation.pb.go:661:		GetSourceRepo					0.0%
github.com/fallofpheonix/PhoenixCore/proto/v1/validation/validation.pb.go:668:		GetReplaySequence				0.0%
github.com/fallofpheonix/PhoenixCore/proto/v1/validation/validation.pb.go:675:		GetValidationHash				0.0%
github.com/fallofpheonix/PhoenixCore/proto/v1/validation/validation.pb.go:702:		Reset						0.0%
github.com/fallofpheonix/PhoenixCore/proto/v1/validation/validation.pb.go:709:		String						0.0%
github.com/fallofpheonix/PhoenixCore/proto/v1/validation/validation.pb.go:713:		ProtoMessage					0.0%
github.com/fallofpheonix/PhoenixCore/proto/v1/validation/validation.pb.go:715:		ProtoReflect					0.0%
github.com/fallofpheonix/PhoenixCore/proto/v1/validation/validation.pb.go:728:		Descriptor					0.0%
github.com/fallofpheonix/PhoenixCore/proto/v1/validation/validation.pb.go:732:		GetReportId					0.0%
github.com/fallofpheonix/PhoenixCore/proto/v1/validation/validation.pb.go:739:		GetScenarioIds					0.0%
github.com/fallofpheonix/PhoenixCore/proto/v1/validation/validation.pb.go:746:		GetResults					0.0%
github.com/fallofpheonix/PhoenixCore/proto/v1/validation/validation.pb.go:753:		GetScore					0.0%
github.com/fallofpheonix/PhoenixCore/proto/v1/validation/validation.pb.go:760:		GetRegressions					0.0%
github.com/fallofpheonix/PhoenixCore/proto/v1/validation/validation.pb.go:767:		GetSignature					0.0%
github.com/fallofpheonix/PhoenixCore/proto/v1/validation/validation.pb.go:774:		GetSchemaVersion				0.0%
github.com/fallofpheonix/PhoenixCore/proto/v1/validation/validation.pb.go:781:		GetCreatedAt					0.0%
github.com/fallofpheonix/PhoenixCore/proto/v1/validation/validation.pb.go:788:		GetUpdatedAt					0.0%
github.com/fallofpheonix/PhoenixCore/proto/v1/validation/validation.pb.go:795:		GetSourceRepo					0.0%
github.com/fallofpheonix/PhoenixCore/proto/v1/validation/validation.pb.go:802:		GetReplaySequence				0.0%
github.com/fallofpheonix/PhoenixCore/proto/v1/validation/validation.pb.go:809:		GetValidationHash				0.0%
github.com/fallofpheonix/PhoenixCore/proto/v1/validation/validation.pb.go:933:		file_proto_v1_validation_proto_rawDescGZIP	0.0%
github.com/fallofpheonix/PhoenixCore/proto/v1/validation/validation.pb.go:972:		init						0.0%
github.com/fallofpheonix/PhoenixCore/proto/v1/validation/validation.pb.go:973:		file_proto_v1_validation_proto_init		0.0%
github.com/fallofpheonix/PhoenixCore/recovery/engine.go:27:				NewEngine					0.0%
github.com/fallofpheonix/PhoenixCore/recovery/engine.go:39:				Recover						0.0%
github.com/fallofpheonix/PhoenixCore/recovery/loop.go:48:				NewRecoveryLoop					0.0%
github.com/fallofpheonix/PhoenixCore/recovery/loop.go:65:				Start						0.0%
github.com/fallofpheonix/PhoenixCore/recovery/loop.go:91:				RecoverFromLastSnapshot				0.0%
github.com/fallofpheonix/PhoenixCore/runtime_lab/validator.go:24:			RunAll						0.0%
github.com/fallofpheonix/PhoenixCore/scheduler/scheduler.go:46:				Score						100.0%
github.com/fallofpheonix/PhoenixCore/scheduler/scheduler.go:54:				GetNextTask					71.4%
github.com/fallofpheonix/PhoenixCore/scheduler/scheduler.go:70:				GetBlockedTasks					100.0%
github.com/fallofpheonix/PhoenixCore/security/control/fsm.go:37:			NewController					0.0%
github.com/fallofpheonix/PhoenixCore/security/control/fsm.go:47:			UpdateState					0.0%
github.com/fallofpheonix/PhoenixCore/security/control/fsm.go:86:			GetStatus					0.0%
github.com/fallofpheonix/PhoenixCore/security/game/stackelberg/solver.go:30:		NewDefaultMatrix				0.0%
github.com/fallofpheonix/PhoenixCore/security/game/stackelberg/solver.go:51:		Solve						0.0%
github.com/fallofpheonix/PhoenixCore/security/integrated_model/src/main.go:35:		main						0.0%
github.com/fallofpheonix/PhoenixCore/security/physics/disorder/sdi.go:16:		CalculateSDI					0.0%
github.com/fallofpheonix/PhoenixCore/security/physics/thermo.go:28:			ComputeState					0.0%
github.com/fallofpheonix/PhoenixCore/security/physics/thermo.go:51:			CalculateSDI					0.0%
github.com/fallofpheonix/PhoenixCore/security/physics/thermo.go:71:			CalculateEnergy					0.0%
github.com/fallofpheonix/PhoenixCore/state/metrics.go:43:				IncTransition					0.0%
github.com/fallofpheonix/PhoenixCore/state/metrics.go:49:				IncIllegal					0.0%
github.com/fallofpheonix/PhoenixCore/state/metrics.go:55:				IncRollback					0.0%
github.com/fallofpheonix/PhoenixCore/state/metrics.go:62:				IncStateEntry					0.0%
github.com/fallofpheonix/PhoenixCore/state/metrics.go:79:				IncReplayMismatch				0.0%
github.com/fallofpheonix/PhoenixCore/state/metrics.go:85:				UpdateTransitionLatency				0.0%
github.com/fallofpheonix/PhoenixCore/state/metrics.go:96:				UpdateRollbackLatency				0.0%
github.com/fallofpheonix/PhoenixCore/state/metrics.go:106:				IncSnapshotCreates				0.0%
github.com/fallofpheonix/PhoenixCore/state/metrics.go:112:				IncSnapshotRestores				0.0%
github.com/fallofpheonix/PhoenixCore/state/metrics.go:118:				ExportMetrics					0.0%
github.com/fallofpheonix/PhoenixCore/state/metrics.go:124:				Reset						0.0%
github.com/fallofpheonix/PhoenixCore/state/registry.go:49:				NewStateRegistry				0.0%
github.com/fallofpheonix/PhoenixCore/state/registry.go:80:				Transition					0.0%
github.com/fallofpheonix/PhoenixCore/state/rollback.go:16:				Rollback					0.0%
github.com/fallofpheonix/PhoenixCore/state/rollback_rules.go:10:			isRollbackTransition				0.0%
github.com/fallofpheonix/PhoenixCore/state/snapshot.go:28:				CalculateHash					0.0%
github.com/fallofpheonix/PhoenixCore/state/snapshot.go:44:				CreateSnapshot					0.0%
github.com/fallofpheonix/PhoenixCore/state/snapshot.go:61:				RestoreFromSnapshot				0.0%
github.com/fallofpheonix/PhoenixCore/state/transition.go:10:				isForwardTransition				0.0%
github.com/fallofpheonix/PhoenixCore/state/transition.go:27:				isValidTransition				0.0%
github.com/fallofpheonix/PhoenixCore/tcs/degradation.go:50:				NewDegradationMonitor				0.0%
github.com/fallofpheonix/PhoenixCore/tcs/degradation.go:62:				IsDegraded					0.0%
github.com/fallofpheonix/PhoenixCore/tcs/degradation.go:82:				Evaluate					0.0%
github.com/fallofpheonix/PhoenixCore/tcs/tcs.go:38:					NewSlidingWindow				100.0%
github.com/fallofpheonix/PhoenixCore/tcs/tcs.go:49:					AddEvent					85.7%
github.com/fallofpheonix/PhoenixCore/tcs/tcs.go:82:					Evaluate					90.3%
github.com/fallofpheonix/PhoenixCore/tcs/tcs.go:146:					prune						64.7%
github.com/fallofpheonix/PhoenixCore/telemetry/detector/detector.go:49:			NewDetector					0.0%
github.com/fallofpheonix/PhoenixCore/telemetry/detector/detector.go:57:			Analyze						0.0%
github.com/fallofpheonix/PhoenixCore/telemetry/detector/detector.go:94:			FastPath					0.0%
github.com/fallofpheonix/PhoenixCore/telemetry/entropy_engine_go/entropy.go:37:		ShannonEntropy					0.0%
github.com/fallofpheonix/PhoenixCore/telemetry/entropy_engine_go/entropy.go:65:		CalculateEntropy				0.0%
github.com/fallofpheonix/PhoenixCore/telemetry/entropy_engine_go/main_bench.go:31:	BenchmarkMain					0.0%
github.com/fallofpheonix/PhoenixCore/telemetry/normalizer/normalizer.go:55:		NewNormalizer					0.0%
github.com/fallofpheonix/PhoenixCore/telemetry/normalizer/normalizer.go:60:		Normalize					0.0%
github.com/fallofpheonix/PhoenixCore/truth/ledger.go:48:				NewTruthLedger					0.0%
github.com/fallofpheonix/PhoenixCore/truth/ledger.go:55:				AddEntry					0.0%
github.com/fallofpheonix/PhoenixCore/truth/ledger.go:71:				Snapshot					0.0%
total:											(statements)					8.8%
